================================================
Job ID:           23481106
Node:             a100-4002
Project dir:      /gpfs/scratch/an4462/at6646/ne-time-v2
Dataset:          Weather
Model size:       medium
Mode:             per-horizon+CI (SOTA comparison)
Seq len:          336
Batch size:       32
LR:               1e-3
Patience:         15
Exp name:         netime_Weather_medium_perH_CI
--- overfitting fixes ---
geo_dropout:      0.2
hyp_hidden_scale: 1.0
curvature_wd:     1e-3
Start time:       Mon Jun  1 12:49:52 EDT 2026
================================================
NVIDIA A100 80GB PCIe, 81920 MiB

Python:     3.10.20
PyTorch:    2.2.0+cu121
CUDA:       True
GPU:        NVIDIA A100 80GB PCIe
VRAM:       85.1 GB

Starting training (per-horizon+CI (SOTA comparison))...
Input dim: 21

Mode: per-horizon + CI (SOTA benchmark comparison)

=======================================================
Per-horizon training: H=96
=======================================================
Loaded Weather: shape=(52696, 21)
Split: train=70% / val=10% / test=20%
Train: 36,456 samples (1139 batches)
Val:   4,838 samples (152 batches)
Test:  10,109 samples (316 batches)

Device: cuda
Total parameters: 254,362
  revin                       2
  patch_embed             7,680
  decomposer                  0
  curvatures                  4
  hyp_encoders          125,379
  horizon_enc            25,539
  hyp_decoder            24,961
  temporal_proj          53,904
  out_proj               16,897

Param groups:
  decay         250,368  (wd=0.0001)
  no_decay        3,990  (wd=0)
  curvature           4  (wd=0.001, lr×0.1)

=======================================================
Training: netime_Weather_medium_perH_CI_CI_H96
=======================================================
  [1:50/1139]  loss=0.50837  grad=0.092  lr=8.78e-06
  [1:100/1139]  loss=0.46689  grad=0.140  lr=1.76e-05
  [1:150/1139]  loss=0.64987  grad=0.563  lr=2.63e-05
  [1:200/1139]  loss=0.44373  grad=1.164  lr=3.51e-05
  [1:250/1139]  loss=0.51396  grad=3.043  lr=4.39e-05
  [1:300/1139]  loss=0.36059  grad=1.405  lr=5.27e-05
  [1:350/1139]  loss=0.32823  grad=1.081  lr=6.15e-05
  [1:400/1139]  loss=0.40201  grad=1.092  lr=7.02e-05
  [1:450/1139]  loss=0.37985  grad=1.517  lr=7.90e-05
  [1:500/1139]  loss=0.35197  grad=2.244  lr=8.78e-05
  [1:550/1139]  loss=0.39108  grad=1.410  lr=9.66e-05
  [1:600/1139]  loss=0.34376  grad=1.197  lr=1.05e-04
  [1:650/1139]  loss=0.39028  grad=0.935  lr=1.14e-04
  [1:700/1139]  loss=0.38027  grad=1.230  lr=1.23e-04
  [1:750/1139]  loss=0.29281  grad=0.926  lr=1.32e-04
  [1:800/1139]  loss=0.30446  grad=0.975  lr=1.40e-04
  [1:850/1139]  loss=0.32864  grad=1.510  lr=1.49e-04
  [1:900/1139]  loss=0.52955  grad=1.203  lr=1.58e-04
  [1:950/1139]  loss=0.39087  grad=1.648  lr=1.67e-04
  [1:1000/1139]  loss=0.29490  grad=1.602  lr=1.76e-04
  [1:1050/1139]  loss=0.32828  grad=1.589  lr=1.84e-04
  [1:1100/1139]  loss=0.34068  grad=1.288  lr=1.93e-04
Epoch 1 — train loss: 0.45168  (33.0s)
Epoch 1 — val   loss: 0.40385
  ✓ Saved checkpoint (val_loss=0.40385)
  [2:50/1139]  loss=1.06732  grad=1.140  lr=2.09e-04
  [2:100/1139]  loss=0.39127  grad=1.042  lr=2.18e-04
  [2:150/1139]  loss=0.34991  grad=2.363  lr=2.26e-04
  [2:200/1139]  loss=0.42220  grad=0.917  lr=2.35e-04
  [2:250/1139]  loss=0.31353  grad=2.452  lr=2.44e-04
  [2:300/1139]  loss=0.34939  grad=1.007  lr=2.53e-04
  [2:350/1139]  loss=0.29768  grad=1.651  lr=2.61e-04
  [2:400/1139]  loss=0.27072  grad=2.169  lr=2.70e-04
  [2:450/1139]  loss=0.28120  grad=1.441  lr=2.79e-04
  [2:500/1139]  loss=0.33070  grad=1.006  lr=2.88e-04
  [2:550/1139]  loss=0.32312  grad=0.705  lr=2.97e-04
  [2:600/1139]  loss=0.38135  grad=0.763  lr=3.05e-04
  [2:650/1139]  loss=0.37981  grad=1.769  lr=3.14e-04
  [2:700/1139]  loss=0.42728  grad=0.487  lr=3.23e-04
  [2:750/1139]  loss=0.29093  grad=2.007  lr=3.32e-04
  [2:800/1139]  loss=0.53335  grad=1.100  lr=3.40e-04
  [2:850/1139]  loss=1.02975  grad=0.851  lr=3.49e-04
  [2:900/1139]  loss=0.27016  grad=1.222  lr=3.58e-04
  [2:950/1139]  loss=0.93739  grad=1.433  lr=3.67e-04
  [2:1000/1139]  loss=0.27250  grad=1.607  lr=3.76e-04
  [2:1050/1139]  loss=0.36160  grad=0.933  lr=3.84e-04
  [2:1100/1139]  loss=0.28195  grad=0.871  lr=3.93e-04
Epoch 2 — train loss: 0.39900  (32.0s)
Epoch 2 — val   loss: 0.39065
  ✓ Saved checkpoint (val_loss=0.39065)
  [3:50/1139]  loss=0.26704  grad=1.228  lr=4.09e-04
  [3:100/1139]  loss=0.38566  grad=1.249  lr=4.18e-04
  [3:150/1139]  loss=0.27169  grad=0.996  lr=4.26e-04
  [3:200/1139]  loss=0.27094  grad=2.171  lr=4.35e-04
  [3:250/1139]  loss=0.23341  grad=0.734  lr=4.44e-04
  [3:300/1139]  loss=0.31427  grad=0.972  lr=4.53e-04
  [3:350/1139]  loss=0.25293  grad=0.617  lr=4.61e-04
  [3:400/1139]  loss=0.25055  grad=1.551  lr=4.70e-04
  [3:450/1139]  loss=0.34911  grad=2.396  lr=4.79e-04
  [3:500/1139]  loss=0.34841  grad=1.310  lr=4.88e-04
  [3:550/1139]  loss=0.24395  grad=1.384  lr=4.97e-04
  [3:600/1139]  loss=0.34893  grad=1.146  lr=5.05e-04
  [3:650/1139]  loss=0.28740  grad=1.938  lr=5.14e-04
  [3:700/1139]  loss=0.34401  grad=0.849  lr=5.23e-04
  [3:750/1139]  loss=0.26826  grad=0.876  lr=5.32e-04
  [3:800/1139]  loss=0.22710  grad=0.669  lr=5.40e-04
  [3:850/1139]  loss=0.28240  grad=0.904  lr=5.49e-04
  [3:900/1139]  loss=0.88680  grad=1.055  lr=5.58e-04
  [3:950/1139]  loss=0.36490  grad=0.778  lr=5.67e-04
  [3:1000/1139]  loss=0.34530  grad=1.181  lr=5.76e-04
  [3:1050/1139]  loss=0.40117  grad=0.681  lr=5.84e-04
  [3:1100/1139]  loss=0.42420  grad=1.667  lr=5.93e-04
Epoch 3 — train loss: 0.38809  (31.9s)
Epoch 3 — val   loss: 0.38023
  ✓ Saved checkpoint (val_loss=0.38023)
  [4:50/1139]  loss=0.25490  grad=2.372  lr=6.09e-04
  [4:100/1139]  loss=0.48680  grad=1.552  lr=6.18e-04
  [4:150/1139]  loss=0.45113  grad=1.005  lr=6.26e-04
  [4:200/1139]  loss=0.37854  grad=0.832  lr=6.35e-04
  [4:250/1139]  loss=0.32076  grad=1.959  lr=6.44e-04
  [4:300/1139]  loss=0.44781  grad=1.012  lr=6.53e-04
  [4:350/1139]  loss=0.38003  grad=0.789  lr=6.61e-04
  [4:400/1139]  loss=0.40990  grad=1.289  lr=6.70e-04
  [4:450/1139]  loss=0.34387  grad=1.647  lr=6.79e-04
  [4:500/1139]  loss=0.29599  grad=0.863  lr=6.88e-04
  [4:550/1139]  loss=0.24470  grad=1.108  lr=6.97e-04
  [4:600/1139]  loss=0.34608  grad=1.241  lr=7.05e-04
  [4:650/1139]  loss=0.30328  grad=1.216  lr=7.14e-04
  [4:700/1139]  loss=0.35998  grad=0.685  lr=7.23e-04
  [4:750/1139]  loss=0.27705  grad=1.520  lr=7.32e-04
  [4:800/1139]  loss=0.37199  grad=2.230  lr=7.40e-04
  [4:850/1139]  loss=0.26167  grad=0.937  lr=7.49e-04
  [4:900/1139]  loss=0.34818  grad=0.844  lr=7.58e-04
  [4:950/1139]  loss=0.28945  grad=0.630  lr=7.67e-04
  [4:1000/1139]  loss=0.42261  grad=0.625  lr=7.76e-04
  [4:1050/1139]  loss=0.35339  grad=0.714  lr=7.84e-04
  [4:1100/1139]  loss=0.38389  grad=1.269  lr=7.93e-04
Epoch 4 — train loss: 0.38137  (31.9s)
Epoch 4 — val   loss: 0.37867
  ✓ Saved checkpoint (val_loss=0.37867)
  [5:50/1139]  loss=0.91999  grad=1.045  lr=8.09e-04
  [5:100/1139]  loss=0.21582  grad=0.430  lr=8.18e-04
  [5:150/1139]  loss=0.27357  grad=0.795  lr=8.26e-04
  [5:200/1139]  loss=0.38229  grad=0.793  lr=8.35e-04
  [5:250/1139]  loss=0.44900  grad=0.974  lr=8.44e-04
  [5:300/1139]  loss=0.32748  grad=5.022  lr=8.53e-04
  [5:350/1139]  loss=0.40733  grad=1.057  lr=8.61e-04
  [5:400/1139]  loss=0.73670  grad=1.255  lr=8.70e-04
  [5:450/1139]  loss=0.27206  grad=0.865  lr=8.79e-04
  [5:500/1139]  loss=0.30040  grad=0.727  lr=8.88e-04
  [5:550/1139]  loss=0.30841  grad=1.052  lr=8.97e-04
  [5:600/1139]  loss=0.31813  grad=1.135  lr=9.05e-04
  [5:650/1139]  loss=0.27317  grad=0.888  lr=9.14e-04
  [5:700/1139]  loss=0.55223  grad=2.714  lr=9.23e-04
  [5:750/1139]  loss=0.26388  grad=1.291  lr=9.32e-04
  [5:800/1139]  loss=0.25817  grad=0.970  lr=9.40e-04
  [5:850/1139]  loss=0.31425  grad=0.590  lr=9.49e-04
  [5:900/1139]  loss=0.38554  grad=0.466  lr=9.58e-04
  [5:950/1139]  loss=0.93704  grad=0.438  lr=9.67e-04
  [5:1000/1139]  loss=0.46728  grad=0.781  lr=9.76e-04
  [5:1050/1139]  loss=0.32538  grad=1.714  lr=9.84e-04
  [5:1100/1139]  loss=0.25137  grad=0.840  lr=9.93e-04
Epoch 5 — train loss: 0.37613  (31.9s)
Epoch 5 — val   loss: 0.37338
  ✓ Saved checkpoint (val_loss=0.37338)
  [6:50/1139]  loss=0.98379  grad=3.768  lr=1.00e-03
  [6:100/1139]  loss=0.30130  grad=0.569  lr=1.00e-03
  [6:150/1139]  loss=0.27280  grad=1.119  lr=1.00e-03
  [6:200/1139]  loss=0.24488  grad=0.884  lr=1.00e-03
  [6:250/1139]  loss=0.20593  grad=0.948  lr=1.00e-03
  [6:300/1139]  loss=0.25271  grad=0.813  lr=1.00e-03
  [6:350/1139]  loss=0.23743  grad=0.554  lr=1.00e-03
  [6:400/1139]  loss=0.30823  grad=0.621  lr=1.00e-03
  [6:450/1139]  loss=0.25832  grad=1.243  lr=1.00e-03
  [6:500/1139]  loss=0.36386  grad=0.896  lr=1.00e-03
  [6:550/1139]  loss=0.29559  grad=0.871  lr=1.00e-03
  [6:600/1139]  loss=0.29489  grad=1.455  lr=1.00e-03
  [6:650/1139]  loss=0.28477  grad=4.655  lr=1.00e-03
  [6:700/1139]  loss=0.42453  grad=1.038  lr=1.00e-03
  [6:750/1139]  loss=0.38183  grad=0.572  lr=9.99e-04
  [6:800/1139]  loss=0.42114  grad=2.113  lr=9.99e-04
  [6:850/1139]  loss=0.94671  grad=3.071  lr=9.99e-04
  [6:900/1139]  loss=0.27937  grad=0.915  lr=9.99e-04
  [6:950/1139]  loss=0.44957  grad=0.894  lr=9.99e-04
  [6:1000/1139]  loss=0.22892  grad=0.668  lr=9.99e-04
  [6:1050/1139]  loss=0.29113  grad=1.265  lr=9.99e-04
  [6:1100/1139]  loss=0.28820  grad=1.692  lr=9.99e-04
Epoch 6 — train loss: 0.37129  (31.9s)
Epoch 6 — val   loss: 0.37818
  [7:50/1139]  loss=0.32828  grad=1.168  lr=9.99e-04
  [7:100/1139]  loss=0.33502  grad=0.382  lr=9.99e-04
  [7:150/1139]  loss=0.29862  grad=0.370  lr=9.98e-04
  [7:200/1139]  loss=0.54672  grad=0.601  lr=9.98e-04
  [7:250/1139]  loss=0.24339  grad=2.001  lr=9.98e-04
  [7:300/1139]  loss=0.29682  grad=1.416  lr=9.98e-04
  [7:350/1139]  loss=0.24428  grad=0.380  lr=9.98e-04
  [7:400/1139]  loss=0.23753  grad=0.553  lr=9.98e-04
  [7:450/1139]  loss=0.35956  grad=0.557  lr=9.98e-04
  [7:500/1139]  loss=0.35019  grad=0.999  lr=9.97e-04
  [7:550/1139]  loss=0.28471  grad=0.648  lr=9.97e-04
  [7:600/1139]  loss=0.37283  grad=4.352  lr=9.97e-04
  [7:650/1139]  loss=0.95989  grad=0.760  lr=9.97e-04
  [7:700/1139]  loss=0.30320  grad=0.563  lr=9.97e-04
  [7:750/1139]  loss=0.25673  grad=0.760  lr=9.97e-04
  [7:800/1139]  loss=0.34689  grad=1.136  lr=9.96e-04
  [7:850/1139]  loss=0.71315  grad=0.911  lr=9.96e-04
  [7:900/1139]  loss=0.19211  grad=1.131  lr=9.96e-04
  [7:950/1139]  loss=0.32561  grad=0.881  lr=9.96e-04
  [7:1000/1139]  loss=0.97069  grad=0.645  lr=9.96e-04
  [7:1050/1139]  loss=0.29328  grad=1.293  lr=9.96e-04
  [7:1100/1139]  loss=0.34342  grad=0.529  lr=9.95e-04
Epoch 7 — train loss: 0.36678  (31.9s)
Epoch 7 — val   loss: 0.37056
  ✓ Saved checkpoint (val_loss=0.37056)
  [8:50/1139]  loss=0.23270  grad=2.867  lr=9.95e-04
  [8:100/1139]  loss=0.33088  grad=0.600  lr=9.95e-04
  [8:150/1139]  loss=0.35069  grad=0.683  lr=9.94e-04
  [8:200/1139]  loss=0.31035  grad=0.472  lr=9.94e-04
  [8:250/1139]  loss=0.35619  grad=1.237  lr=9.94e-04
  [8:300/1139]  loss=0.35000  grad=0.981  lr=9.94e-04
  [8:350/1139]  loss=0.30891  grad=0.785  lr=9.94e-04
  [8:400/1139]  loss=0.25887  grad=0.541  lr=9.93e-04
  [8:450/1139]  loss=0.22668  grad=0.415  lr=9.93e-04
  [8:500/1139]  loss=0.30323  grad=0.830  lr=9.93e-04
  [8:550/1139]  loss=1.12097  grad=0.985  lr=9.93e-04
  [8:600/1139]  loss=0.51351  grad=0.557  lr=9.92e-04
  [8:650/1139]  loss=0.31233  grad=1.132  lr=9.92e-04
  [8:700/1139]  loss=0.95012  grad=0.441  lr=9.92e-04
  [8:750/1139]  loss=0.25936  grad=0.380  lr=9.91e-04
  [8:800/1139]  loss=0.50987  grad=1.487  lr=9.91e-04
  [8:850/1139]  loss=0.44908  grad=0.808  lr=9.91e-04
  [8:900/1139]  loss=0.52550  grad=1.080  lr=9.91e-04
  [8:950/1139]  loss=0.27767  grad=0.357  lr=9.90e-04
  [8:1000/1139]  loss=0.43542  grad=0.312  lr=9.90e-04
  [8:1050/1139]  loss=0.25293  grad=1.625  lr=9.90e-04
  [8:1100/1139]  loss=0.45135  grad=0.222  lr=9.89e-04
Epoch 8 — train loss: 0.36177  (31.9s)
Epoch 8 — val   loss: 0.37230
  [9:50/1139]  loss=0.27659  grad=0.418  lr=9.89e-04
  [9:100/1139]  loss=0.56217  grad=0.979  lr=9.88e-04
  [9:150/1139]  loss=0.25154  grad=0.289  lr=9.88e-04
  [9:200/1139]  loss=0.34333  grad=1.374  lr=9.88e-04
  [9:250/1139]  loss=0.33276  grad=0.466  lr=9.87e-04
  [9:300/1139]  loss=0.21707  grad=0.518  lr=9.87e-04
  [9:350/1139]  loss=0.28560  grad=1.275  lr=9.87e-04
  [9:400/1139]  loss=0.26641  grad=0.576  lr=9.86e-04
  [9:450/1139]  loss=0.52012  grad=1.586  lr=9.86e-04
  [9:500/1139]  loss=0.25165  grad=0.416  lr=9.86e-04
  [9:550/1139]  loss=0.47198  grad=0.743  lr=9.85e-04
  [9:600/1139]  loss=0.33150  grad=0.536  lr=9.85e-04
  [9:650/1139]  loss=0.31111  grad=0.282  lr=9.85e-04
  [9:700/1139]  loss=0.41163  grad=1.520  lr=9.84e-04
  [9:750/1139]  loss=0.23197  grad=0.729  lr=9.84e-04
  [9:800/1139]  loss=0.25489  grad=0.857  lr=9.83e-04
  [9:850/1139]  loss=0.42904  grad=0.608  lr=9.83e-04
  [9:900/1139]  loss=0.26619  grad=0.835  lr=9.83e-04
  [9:950/1139]  loss=0.23632  grad=0.385  lr=9.82e-04
  [9:1000/1139]  loss=0.21999  grad=0.954  lr=9.82e-04
  [9:1050/1139]  loss=0.25865  grad=0.241  lr=9.81e-04
  [9:1100/1139]  loss=0.26877  grad=0.302  lr=9.81e-04
Epoch 9 — train loss: 0.35780  (31.9s)
Epoch 9 — val   loss: 0.38460
  [10:50/1139]  loss=0.26542  grad=1.108  lr=9.80e-04
  [10:100/1139]  loss=0.28655  grad=0.611  lr=9.80e-04
  [10:150/1139]  loss=0.41773  grad=1.216  lr=9.79e-04
  [10:200/1139]  loss=0.45872  grad=0.451  lr=9.79e-04
  [10:250/1139]  loss=0.27136  grad=0.254  lr=9.78e-04
  [10:300/1139]  loss=0.34510  grad=0.579  lr=9.78e-04
  [10:350/1139]  loss=0.41056  grad=0.812  lr=9.78e-04
  [10:400/1139]  loss=0.26079  grad=0.314  lr=9.77e-04
  [10:450/1139]  loss=0.29481  grad=0.453  lr=9.77e-04
  [10:500/1139]  loss=0.23704  grad=0.422  lr=9.76e-04
  [10:550/1139]  loss=0.23256  grad=0.295  lr=9.76e-04
  [10:600/1139]  loss=0.25418  grad=0.686  lr=9.75e-04
  [10:650/1139]  loss=1.10576  grad=0.365  lr=9.75e-04
  [10:700/1139]  loss=0.20818  grad=0.628  lr=9.74e-04
  [10:750/1139]  loss=0.33978  grad=0.626  lr=9.74e-04
  [10:800/1139]  loss=0.91451  grad=0.537  lr=9.73e-04
  [10:850/1139]  loss=0.25620  grad=0.378  lr=9.73e-04
  [10:900/1139]  loss=0.37549  grad=0.403  lr=9.72e-04
  [10:950/1139]  loss=0.33192  grad=0.340  lr=9.72e-04
  [10:1000/1139]  loss=0.34861  grad=0.263  lr=9.71e-04
  [10:1050/1139]  loss=0.41063  grad=0.663  lr=9.71e-04
  [10:1100/1139]  loss=0.29096  grad=0.461  lr=9.70e-04
Epoch 10 — train loss: 0.35432  (31.9s)
Epoch 10 — val   loss: 0.37621
  [11:50/1139]  loss=0.29232  grad=0.431  lr=9.69e-04
  [11:100/1139]  loss=0.35366  grad=0.410  lr=9.69e-04
  [11:150/1139]  loss=0.26379  grad=0.590  lr=9.68e-04
  [11:200/1139]  loss=0.29679  grad=0.397  lr=9.68e-04
  [11:250/1139]  loss=0.35188  grad=0.636  lr=9.67e-04
  [11:300/1139]  loss=0.24258  grad=0.280  lr=9.67e-04
  [11:350/1139]  loss=0.25403  grad=0.450  lr=9.66e-04
  [11:400/1139]  loss=0.29642  grad=0.481  lr=9.66e-04
  [11:450/1139]  loss=0.27184  grad=0.313  lr=9.65e-04
  [11:500/1139]  loss=0.29020  grad=0.362  lr=9.64e-04
  [11:550/1139]  loss=0.21510  grad=0.429  lr=9.64e-04
  [11:600/1139]  loss=0.25289  grad=0.410  lr=9.63e-04
  [11:650/1139]  loss=0.28384  grad=0.309  lr=9.63e-04
  [11:700/1139]  loss=0.29867  grad=0.565  lr=9.62e-04
  [11:750/1139]  loss=1.04693  grad=0.333  lr=9.61e-04
  [11:800/1139]  loss=0.32000  grad=0.345  lr=9.61e-04
  [11:850/1139]  loss=0.19530  grad=0.258  lr=9.60e-04
  [11:900/1139]  loss=0.37970  grad=0.204  lr=9.60e-04
  [11:950/1139]  loss=0.23010  grad=0.218  lr=9.59e-04
  [11:1000/1139]  loss=0.24771  grad=0.354  lr=9.58e-04
  [11:1050/1139]  loss=0.81090  grad=0.286  lr=9.58e-04
  [11:1100/1139]  loss=0.37125  grad=0.416  lr=9.57e-04
Epoch 11 — train loss: 0.34996  (31.9s)
Epoch 11 — val   loss: 0.38867
  [12:50/1139]  loss=0.26217  grad=0.349  lr=9.56e-04
  [12:100/1139]  loss=0.34889  grad=0.364  lr=9.56e-04
  [12:150/1139]  loss=0.33814  grad=0.177  lr=9.55e-04
  [12:200/1139]  loss=0.26445  grad=0.417  lr=9.54e-04
  [12:250/1139]  loss=0.28530  grad=0.387  lr=9.54e-04
  [12:300/1139]  loss=0.21507  grad=0.272  lr=9.53e-04
  [12:350/1139]  loss=0.77776  grad=0.367  lr=9.52e-04
  [12:400/1139]  loss=0.26623  grad=0.518  lr=9.52e-04
  [12:450/1139]  loss=0.23724  grad=0.290  lr=9.51e-04
  [12:500/1139]  loss=0.43569  grad=0.607  lr=9.50e-04
  [12:550/1139]  loss=0.23203  grad=0.202  lr=9.50e-04
  [12:600/1139]  loss=0.22734  grad=0.348  lr=9.49e-04
  [12:650/1139]  loss=0.94977  grad=0.307  lr=9.48e-04
  [12:700/1139]  loss=0.32029  grad=0.319  lr=9.48e-04
  [12:750/1139]  loss=0.24340  grad=0.338  lr=9.47e-04
  [12:800/1139]  loss=0.29477  grad=0.281  lr=9.46e-04
  [12:850/1139]  loss=0.21348  grad=0.204  lr=9.46e-04
  [12:900/1139]  loss=0.91748  grad=0.267  lr=9.45e-04
  [12:950/1139]  loss=0.30219  grad=0.748  lr=9.44e-04
  [12:1000/1139]  loss=0.27173  grad=0.360  lr=9.43e-04
  [12:1050/1139]  loss=0.23683  grad=0.312  lr=9.43e-04
  [12:1100/1139]  loss=0.42777  grad=0.409  lr=9.42e-04
Epoch 12 — train loss: 0.34659  (31.9s)
Epoch 12 — val   loss: 0.37512
  [13:50/1139]  loss=0.25216  grad=0.291  lr=9.41e-04
  [13:100/1139]  loss=0.26353  grad=0.211  lr=9.40e-04
  [13:150/1139]  loss=0.24908  grad=0.224  lr=9.39e-04
  [13:200/1139]  loss=0.24443  grad=0.201  lr=9.39e-04
  [13:250/1139]  loss=0.24701  grad=0.274  lr=9.38e-04
  [13:300/1139]  loss=0.26171  grad=0.323  lr=9.37e-04
  [13:350/1139]  loss=0.25604  grad=0.323  lr=9.36e-04
  [13:400/1139]  loss=0.53424  grad=0.485  lr=9.36e-04
  [13:450/1139]  loss=0.26904  grad=0.477  lr=9.35e-04
  [13:500/1139]  loss=0.98153  grad=0.349  lr=9.34e-04
  [13:550/1139]  loss=0.26911  grad=0.423  lr=9.33e-04
  [13:600/1139]  loss=0.34372  grad=0.208  lr=9.33e-04
  [13:650/1139]  loss=0.33894  grad=0.299  lr=9.32e-04
  [13:700/1139]  loss=0.96606  grad=0.337  lr=9.31e-04
  [13:750/1139]  loss=0.98323  grad=0.214  lr=9.30e-04
  [13:800/1139]  loss=0.45495  grad=0.455  lr=9.29e-04
  [13:850/1139]  loss=0.95004  grad=0.298  lr=9.29e-04
  [13:900/1139]  loss=0.42222  grad=0.424  lr=9.28e-04
  [13:950/1139]  loss=0.24252  grad=0.485  lr=9.27e-04
  [13:1000/1139]  loss=0.57320  grad=0.387  lr=9.26e-04
  [13:1050/1139]  loss=0.20735  grad=0.225  lr=9.25e-04
  [13:1100/1139]  loss=0.25022  grad=0.326  lr=9.25e-04
Epoch 13 — train loss: 0.34283  (31.9s)
Epoch 13 — val   loss: 0.38370
  [14:50/1139]  loss=0.26719  grad=0.211  lr=9.23e-04
  [14:100/1139]  loss=0.26808  grad=0.395  lr=9.22e-04
  [14:150/1139]  loss=0.40027  grad=0.332  lr=9.22e-04
  [14:200/1139]  loss=0.27467  grad=0.316  lr=9.21e-04
  [14:250/1139]  loss=0.35999  grad=0.218  lr=9.20e-04
  [14:300/1139]  loss=0.39427  grad=0.325  lr=9.19e-04
  [14:350/1139]  loss=0.21752  grad=0.438  lr=9.18e-04
  [14:400/1139]  loss=0.31391  grad=0.372  lr=9.17e-04
  [14:450/1139]  loss=0.30300  grad=0.227  lr=9.17e-04
  [14:500/1139]  loss=1.02204  grad=0.201  lr=9.16e-04
  [14:550/1139]  loss=0.31361  grad=0.443  lr=9.15e-04
  [14:600/1139]  loss=1.01601  grad=0.322  lr=9.14e-04
  [14:650/1139]  loss=0.29814  grad=0.282  lr=9.13e-04
  [14:700/1139]  loss=0.38249  grad=0.415  lr=9.12e-04
  [14:750/1139]  loss=0.21208  grad=0.331  lr=9.11e-04
  [14:800/1139]  loss=0.30501  grad=0.597  lr=9.11e-04
  [14:850/1139]  loss=0.29134  grad=0.289  lr=9.10e-04
  [14:900/1139]  loss=0.40293  grad=0.425  lr=9.09e-04
  [14:950/1139]  loss=0.29393  grad=0.437  lr=9.08e-04
  [14:1000/1139]  loss=0.21608  grad=0.356  lr=9.07e-04
  [14:1050/1139]  loss=0.36920  grad=0.255  lr=9.06e-04
  [14:1100/1139]  loss=0.41900  grad=0.254  lr=9.05e-04
Epoch 14 — train loss: 0.33972  (31.9s)
Epoch 14 — val   loss: 0.38436
  [15:50/1139]  loss=0.26788  grad=0.258  lr=9.04e-04
  [15:100/1139]  loss=0.30083  grad=0.150  lr=9.03e-04
  [15:150/1139]  loss=0.24295  grad=0.235  lr=9.02e-04
  [15:200/1139]  loss=1.34772  grad=0.379  lr=9.01e-04
  [15:250/1139]  loss=0.34385  grad=0.275  lr=9.00e-04
  [15:300/1139]  loss=0.31297  grad=0.498  lr=8.99e-04
  [15:350/1139]  loss=0.22772  grad=0.236  lr=8.98e-04
  [15:400/1139]  loss=0.94789  grad=0.431  lr=8.97e-04
  [15:450/1139]  loss=0.20403  grad=0.370  lr=8.96e-04
  [15:500/1139]  loss=0.35721  grad=0.202  lr=8.95e-04
  [15:550/1139]  loss=0.36353  grad=0.414  lr=8.94e-04
  [15:600/1139]  loss=0.23349  grad=0.301  lr=8.93e-04
  [15:650/1139]  loss=0.21365  grad=0.544  lr=8.92e-04
  [15:700/1139]  loss=0.22809  grad=0.147  lr=8.92e-04
  [15:750/1139]  loss=0.33193  grad=0.253  lr=8.91e-04
  [15:800/1139]  loss=0.28016  grad=0.256  lr=8.90e-04
  [15:850/1139]  loss=0.40982  grad=0.327  lr=8.89e-04
  [15:900/1139]  loss=0.29057  grad=0.309  lr=8.88e-04
  [15:950/1139]  loss=0.46305  grad=0.252  lr=8.87e-04
  [15:1000/1139]  loss=0.22081  grad=0.297  lr=8.86e-04
  [15:1050/1139]  loss=0.26122  grad=0.306  lr=8.85e-04
  [15:1100/1139]  loss=0.33991  grad=0.430  lr=8.84e-04
Epoch 15 — train loss: 0.33667  (31.9s)
Epoch 15 — val   loss: 0.38760
  [16:50/1139]  loss=0.39494  grad=0.328  lr=8.82e-04
  [16:100/1139]  loss=0.27115  grad=0.512  lr=8.81e-04
  [16:150/1139]  loss=0.31573  grad=0.384  lr=8.80e-04
  [16:200/1139]  loss=0.23933  grad=0.270  lr=8.79e-04
  [16:250/1139]  loss=0.24130  grad=0.243  lr=8.78e-04
  [16:300/1139]  loss=0.32077  grad=0.346  lr=8.77e-04
  [16:350/1139]  loss=0.30090  grad=0.384  lr=8.76e-04
  [16:400/1139]  loss=0.33361  grad=0.203  lr=8.75e-04
  [16:450/1139]  loss=0.27754  grad=0.284  lr=8.74e-04
  [16:500/1139]  loss=0.23320  grad=0.287  lr=8.73e-04
  [16:550/1139]  loss=0.27050  grad=0.175  lr=8.72e-04
  [16:600/1139]  loss=0.38390  grad=0.359  lr=8.71e-04
  [16:650/1139]  loss=0.22738  grad=0.336  lr=8.70e-04
  [16:700/1139]  loss=0.36810  grad=0.325  lr=8.69e-04
  [16:750/1139]  loss=0.24232  grad=0.258  lr=8.68e-04
  [16:800/1139]  loss=0.27354  grad=0.270  lr=8.67e-04
  [16:850/1139]  loss=0.92181  grad=0.165  lr=8.66e-04
  [16:900/1139]  loss=0.31869  grad=0.492  lr=8.65e-04
  [16:950/1139]  loss=0.25622  grad=0.352  lr=8.64e-04
  [16:1000/1139]  loss=0.22558  grad=0.246  lr=8.63e-04
  [16:1050/1139]  loss=0.25995  grad=0.622  lr=8.62e-04
  [16:1100/1139]  loss=0.29456  grad=0.216  lr=8.60e-04
Epoch 16 — train loss: 0.33349  (32.0s)
Epoch 16 — val   loss: 0.39010
  [17:50/1139]  loss=0.20491  grad=0.197  lr=8.59e-04
  [17:100/1139]  loss=0.18669  grad=0.252  lr=8.58e-04
  [17:150/1139]  loss=0.31802  grad=0.184  lr=8.56e-04
  [17:200/1139]  loss=0.21326  grad=0.291  lr=8.55e-04
  [17:250/1139]  loss=0.25935  grad=0.223  lr=8.54e-04
  [17:300/1139]  loss=0.27105  grad=0.244  lr=8.53e-04
  [17:350/1139]  loss=0.21425  grad=0.292  lr=8.52e-04
  [17:400/1139]  loss=0.27657  grad=0.221  lr=8.51e-04
  [17:450/1139]  loss=0.44981  grad=0.196  lr=8.50e-04
  [17:500/1139]  loss=0.26006  grad=0.378  lr=8.49e-04
  [17:550/1139]  loss=0.23550  grad=0.173  lr=8.48e-04
  [17:600/1139]  loss=0.39249  grad=0.310  lr=8.47e-04
  [17:650/1139]  loss=0.21399  grad=0.157  lr=8.46e-04
  [17:700/1139]  loss=0.20924  grad=0.257  lr=8.44e-04
  [17:750/1139]  loss=0.21343  grad=0.262  lr=8.43e-04
  [17:800/1139]  loss=0.36891  grad=0.340  lr=8.42e-04
  [17:850/1139]  loss=0.27461  grad=0.196  lr=8.41e-04
  [17:900/1139]  loss=0.21670  grad=0.361  lr=8.40e-04
  [17:950/1139]  loss=0.23562  grad=0.273  lr=8.39e-04
  [17:1000/1139]  loss=0.21261  grad=0.199  lr=8.38e-04
  [17:1050/1139]  loss=0.26617  grad=0.272  lr=8.37e-04
  [17:1100/1139]  loss=0.25052  grad=0.217  lr=8.35e-04
Epoch 17 — train loss: 0.33143  (31.9s)
Epoch 17 — val   loss: 0.39136
  [18:50/1139]  loss=0.22085  grad=0.296  lr=8.33e-04
  [18:100/1139]  loss=0.43224  grad=0.401  lr=8.32e-04
  [18:150/1139]  loss=0.22840  grad=0.205  lr=8.31e-04
  [18:200/1139]  loss=0.28655  grad=0.201  lr=8.30e-04
  [18:250/1139]  loss=0.25792  grad=0.175  lr=8.29e-04
  [18:300/1139]  loss=0.84345  grad=0.240  lr=8.28e-04
  [18:350/1139]  loss=0.77693  grad=0.246  lr=8.27e-04
  [18:400/1139]  loss=1.10209  grad=0.430  lr=8.25e-04
  [18:450/1139]  loss=0.24050  grad=0.237  lr=8.24e-04
  [18:500/1139]  loss=0.25920  grad=0.512  lr=8.23e-04
  [18:550/1139]  loss=0.24423  grad=0.364  lr=8.22e-04
  [18:600/1139]  loss=0.26052  grad=0.194  lr=8.21e-04
  [18:650/1139]  loss=0.26549  grad=0.395  lr=8.20e-04
  [18:700/1139]  loss=0.31285  grad=0.391  lr=8.18e-04
  [18:750/1139]  loss=0.20868  grad=0.250  lr=8.17e-04
  [18:800/1139]  loss=0.30530  grad=0.228  lr=8.16e-04
  [18:850/1139]  loss=0.33946  grad=0.231  lr=8.15e-04
  [18:900/1139]  loss=0.26717  grad=0.196  lr=8.14e-04
  [18:950/1139]  loss=0.27042  grad=0.192  lr=8.12e-04
  [18:1000/1139]  loss=0.27153  grad=0.179  lr=8.11e-04
  [18:1050/1139]  loss=0.33680  grad=0.234  lr=8.10e-04
  [18:1100/1139]  loss=0.25584  grad=0.416  lr=8.09e-04
Epoch 18 — train loss: 0.32878  (31.9s)
Epoch 18 — val   loss: 0.38445
  [19:50/1139]  loss=0.28442  grad=0.334  lr=8.07e-04
  [19:100/1139]  loss=0.28089  grad=0.241  lr=8.05e-04
  [19:150/1139]  loss=0.31458  grad=0.260  lr=8.04e-04
  [19:200/1139]  loss=0.25746  grad=0.351  lr=8.03e-04
  [19:250/1139]  loss=0.25056  grad=0.334  lr=8.02e-04
  [19:300/1139]  loss=0.22949  grad=0.345  lr=8.01e-04
  [19:350/1139]  loss=0.26447  grad=0.182  lr=7.99e-04
  [19:400/1139]  loss=0.35319  grad=0.233  lr=7.98e-04
  [19:450/1139]  loss=0.28444  grad=0.207  lr=7.97e-04
  [19:500/1139]  loss=0.24734  grad=0.242  lr=7.96e-04
  [19:550/1139]  loss=0.21708  grad=0.319  lr=7.94e-04
  [19:600/1139]  loss=0.17003  grad=0.217  lr=7.93e-04
  [19:650/1139]  loss=0.50858  grad=0.265  lr=7.92e-04
  [19:700/1139]  loss=0.24089  grad=0.350  lr=7.91e-04
  [19:750/1139]  loss=0.30756  grad=0.188  lr=7.89e-04
  [19:800/1139]  loss=0.29937  grad=0.241  lr=7.88e-04
  [19:850/1139]  loss=1.04024  grad=0.323  lr=7.87e-04
  [19:900/1139]  loss=0.27490  grad=0.179  lr=7.86e-04
  [19:950/1139]  loss=0.22672  grad=0.286  lr=7.84e-04
  [19:1000/1139]  loss=0.23028  grad=0.177  lr=7.83e-04
  [19:1050/1139]  loss=0.22482  grad=0.306  lr=7.82e-04
  [19:1100/1139]  loss=0.54581  grad=0.234  lr=7.81e-04
Epoch 19 — train loss: 0.32674  (32.0s)
Epoch 19 — val   loss: 0.39605
  [20:50/1139]  loss=0.89349  grad=0.166  lr=7.78e-04
  [20:100/1139]  loss=0.31595  grad=0.275  lr=7.77e-04
  [20:150/1139]  loss=0.21845  grad=0.245  lr=7.76e-04
  [20:200/1139]  loss=0.78176  grad=0.421  lr=7.74e-04
  [20:250/1139]  loss=0.23563  grad=0.255  lr=7.73e-04
  [20:300/1139]  loss=0.21089  grad=0.202  lr=7.72e-04
  [20:350/1139]  loss=0.89458  grad=0.216  lr=7.71e-04
  [20:400/1139]  loss=0.23470  grad=0.218  lr=7.69e-04
  [20:450/1139]  loss=1.60833  grad=0.183  lr=7.68e-04
  [20:500/1139]  loss=0.39229  grad=0.273  lr=7.67e-04
  [20:550/1139]  loss=0.22809  grad=0.229  lr=7.65e-04
  [20:600/1139]  loss=0.23619  grad=0.251  lr=7.64e-04
  [20:650/1139]  loss=0.23620  grad=0.314  lr=7.63e-04
  [20:700/1139]  loss=0.28130  grad=0.416  lr=7.62e-04
  [20:750/1139]  loss=0.26343  grad=0.352  lr=7.60e-04
  [20:800/1139]  loss=0.25159  grad=0.278  lr=7.59e-04
  [20:850/1139]  loss=0.23761  grad=0.187  lr=7.58e-04
  [20:900/1139]  loss=0.63469  grad=0.280  lr=7.56e-04
  [20:950/1139]  loss=0.23845  grad=0.294  lr=7.55e-04
  [20:1000/1139]  loss=0.31327  grad=0.258  lr=7.54e-04
  [20:1050/1139]  loss=0.42119  grad=1.930  lr=7.52e-04
  [20:1100/1139]  loss=0.30260  grad=0.204  lr=7.51e-04
Epoch 20 — train loss: 0.32421  (31.9s)
Epoch 20 — val   loss: 0.39199
  [21:50/1139]  loss=0.22006  grad=0.210  lr=7.49e-04
  [21:100/1139]  loss=0.19416  grad=0.188  lr=7.47e-04
  [21:150/1139]  loss=0.40712  grad=0.236  lr=7.46e-04
  [21:200/1139]  loss=0.20798  grad=0.319  lr=7.45e-04
  [21:250/1139]  loss=0.22570  grad=0.267  lr=7.43e-04
  [21:300/1139]  loss=0.27406  grad=0.326  lr=7.42e-04
  [21:350/1139]  loss=0.92981  grad=0.262  lr=7.41e-04
  [21:400/1139]  loss=0.23401  grad=0.210  lr=7.39e-04
  [21:450/1139]  loss=0.25462  grad=0.337  lr=7.38e-04
  [21:500/1139]  loss=0.33779  grad=0.290  lr=7.37e-04
  [21:550/1139]  loss=0.21785  grad=0.381  lr=7.35e-04
  [21:600/1139]  loss=0.25516  grad=0.163  lr=7.34e-04
  [21:650/1139]  loss=0.22162  grad=0.268  lr=7.33e-04
  [21:700/1139]  loss=0.28338  grad=0.340  lr=7.31e-04
  [21:750/1139]  loss=0.30275  grad=0.189  lr=7.30e-04
  [21:800/1139]  loss=0.25208  grad=0.237  lr=7.28e-04
  [21:850/1139]  loss=0.28032  grad=0.269  lr=7.27e-04
  [21:900/1139]  loss=0.25975  grad=0.309  lr=7.26e-04
  [21:950/1139]  loss=0.31592  grad=0.214  lr=7.24e-04
  [21:1000/1139]  loss=0.21861  grad=0.230  lr=7.23e-04
  [21:1050/1139]  loss=0.23548  grad=0.436  lr=7.22e-04
  [21:1100/1139]  loss=0.20042  grad=0.348  lr=7.20e-04
Epoch 21 — train loss: 0.32259  (31.9s)
Epoch 21 — val   loss: 0.39766
  [22:50/1139]  loss=0.40249  grad=0.229  lr=7.18e-04
  [22:100/1139]  loss=0.34910  grad=0.213  lr=7.16e-04
  [22:150/1139]  loss=0.34061  grad=0.271  lr=7.15e-04
  [22:200/1139]  loss=0.22835  grad=0.224  lr=7.14e-04
  [22:250/1139]  loss=0.27038  grad=0.385  lr=7.12e-04
  [22:300/1139]  loss=0.21653  grad=0.247  lr=7.11e-04
  [22:350/1139]  loss=0.97594  grad=0.223  lr=7.09e-04
  [22:400/1139]  loss=0.43423  grad=0.266  lr=7.08e-04
  [22:450/1139]  loss=0.25798  grad=0.218  lr=7.07e-04
  [22:500/1139]  loss=0.43384  grad=0.160  lr=7.05e-04
  [22:550/1139]  loss=0.30146  grad=0.248  lr=7.04e-04
  [22:600/1139]  loss=0.20183  grad=0.220  lr=7.03e-04
  [22:650/1139]  loss=0.27117  grad=0.258  lr=7.01e-04
  [22:700/1139]  loss=0.25749  grad=0.212  lr=7.00e-04
  [22:750/1139]  loss=0.40313  grad=0.240  lr=6.98e-04
  [22:800/1139]  loss=0.21491  grad=0.299  lr=6.97e-04
  [22:850/1139]  loss=0.26497  grad=0.281  lr=6.95e-04
  [22:900/1139]  loss=0.35519  grad=0.309  lr=6.94e-04
  [22:950/1139]  loss=0.22307  grad=0.295  lr=6.93e-04
  [22:1000/1139]  loss=0.27534  grad=0.320  lr=6.91e-04
  [22:1050/1139]  loss=0.31426  grad=0.208  lr=6.90e-04
  [22:1100/1139]  loss=0.25235  grad=0.202  lr=6.88e-04
Epoch 22 — train loss: 0.32010  (31.9s)
Epoch 22 — val   loss: 0.40773
Early stopping at epoch 22

=======================================================
Loading best checkpoint for testing...
Best checkpoint: epoch=7, val_loss=0.37056

Test results:
  H=  96  MSE=0.15016  MAE=0.18994  RMSE=0.38751

Results saved to /gpfs/scratch/an4462/at6646/ne-time-v2/outputs/netime_Weather_medium_perH_CI_CI_H96_results.json
  H=  96  MSE=0.15016  MAE=0.18994

=======================================================
Per-horizon training: H=192
=======================================================
Loaded Weather: shape=(52696, 21)
Split: train=70% / val=10% / test=20%
Train: 36,360 samples (1136 batches)
Val:   4,742 samples (149 batches)
Test:  10,013 samples (313 batches)

Device: cuda
Total parameters: 254,362
  revin                       2
  patch_embed             7,680
  decomposer                  0
  curvatures                  4
  hyp_encoders          125,379
  horizon_enc            25,539
  hyp_decoder            24,961
  temporal_proj          53,904
  out_proj               16,897

Param groups:
  decay         250,368  (wd=0.0001)
  no_decay        3,990  (wd=0)
  curvature           4  (wd=0.001, lr×0.1)

=======================================================
Training: netime_Weather_medium_perH_CI_CI_H192
=======================================================
  [1:50/1136]  loss=0.50983  grad=0.081  lr=8.80e-06
  [1:100/1136]  loss=0.59233  grad=0.076  lr=1.76e-05
  [1:150/1136]  loss=0.57308  grad=0.435  lr=2.64e-05
  [1:200/1136]  loss=0.50823  grad=0.874  lr=3.52e-05
  [1:250/1136]  loss=0.48534  grad=0.737  lr=4.40e-05
  [1:300/1136]  loss=0.37361  grad=0.885  lr=5.28e-05
  [1:350/1136]  loss=0.36068  grad=0.913  lr=6.16e-05
  [1:400/1136]  loss=0.46732  grad=3.396  lr=7.04e-05
  [1:450/1136]  loss=0.41522  grad=0.481  lr=7.92e-05
  [1:500/1136]  loss=0.37274  grad=1.543  lr=8.80e-05
  [1:550/1136]  loss=0.41684  grad=2.560  lr=9.68e-05
  [1:600/1136]  loss=1.03745  grad=1.025  lr=1.06e-04
  [1:650/1136]  loss=0.37080  grad=1.008  lr=1.14e-04
  [1:700/1136]  loss=0.71036  grad=1.223  lr=1.23e-04
  [1:750/1136]  loss=0.41780  grad=1.711  lr=1.32e-04
  [1:800/1136]  loss=0.32864  grad=1.226  lr=1.41e-04
  [1:850/1136]  loss=0.34445  grad=1.255  lr=1.50e-04
  [1:900/1136]  loss=0.45323  grad=2.810  lr=1.58e-04
  [1:950/1136]  loss=0.37636  grad=0.962  lr=1.67e-04
  [1:1000/1136]  loss=0.40823  grad=1.112  lr=1.76e-04
  [1:1050/1136]  loss=0.45396  grad=1.393  lr=1.85e-04
  [1:1100/1136]  loss=0.31810  grad=0.996  lr=1.94e-04
Epoch 1 — train loss: 0.49326  (33.8s)
Epoch 1 — val   loss: 0.46013
  ✓ Saved checkpoint (val_loss=0.46013)
  [2:50/1136]  loss=0.37128  grad=1.357  lr=2.09e-04
  [2:100/1136]  loss=0.43855  grad=2.202  lr=2.18e-04
  [2:150/1136]  loss=0.33668  grad=1.633  lr=2.26e-04
  [2:200/1136]  loss=0.38049  grad=1.504  lr=2.35e-04
  [2:250/1136]  loss=0.78782  grad=0.686  lr=2.44e-04
  [2:300/1136]  loss=0.72788  grad=0.844  lr=2.53e-04
  [2:350/1136]  loss=0.54119  grad=0.817  lr=2.62e-04
  [2:400/1136]  loss=0.34646  grad=0.851  lr=2.70e-04
  [2:450/1136]  loss=0.43186  grad=0.796  lr=2.79e-04
  [2:500/1136]  loss=0.86111  grad=1.026  lr=2.88e-04
  [2:550/1136]  loss=0.43494  grad=1.369  lr=2.97e-04
  [2:600/1136]  loss=0.38757  grad=0.575  lr=3.06e-04
  [2:650/1136]  loss=0.36164  grad=0.913  lr=3.14e-04
  [2:700/1136]  loss=0.38806  grad=2.083  lr=3.23e-04
  [2:750/1136]  loss=0.47878  grad=1.749  lr=3.32e-04
  [2:800/1136]  loss=0.41803  grad=0.944  lr=3.41e-04
  [2:850/1136]  loss=0.37433  grad=0.843  lr=3.50e-04
  [2:900/1136]  loss=0.42945  grad=1.182  lr=3.58e-04
  [2:950/1136]  loss=1.11839  grad=0.744  lr=3.67e-04
  [2:1000/1136]  loss=0.34952  grad=0.514  lr=3.76e-04
  [2:1050/1136]  loss=0.35577  grad=0.961  lr=3.85e-04
  [2:1100/1136]  loss=0.63920  grad=1.013  lr=3.94e-04
Epoch 2 — train loss: 0.44494  (33.8s)
Epoch 2 — val   loss: 0.44910
  ✓ Saved checkpoint (val_loss=0.44910)
  [3:50/1136]  loss=0.33687  grad=0.635  lr=4.09e-04
  [3:100/1136]  loss=0.47265  grad=1.664  lr=4.18e-04
  [3:150/1136]  loss=0.30201  grad=1.107  lr=4.26e-04
  [3:200/1136]  loss=0.42849  grad=0.533  lr=4.35e-04
  [3:250/1136]  loss=0.69210  grad=0.658  lr=4.44e-04
  [3:300/1136]  loss=0.43949  grad=0.576  lr=4.53e-04
  [3:350/1136]  loss=0.39581  grad=0.867  lr=4.62e-04
  [3:400/1136]  loss=0.38702  grad=0.693  lr=4.70e-04
  [3:450/1136]  loss=0.33623  grad=2.938  lr=4.79e-04
  [3:500/1136]  loss=0.38028  grad=2.633  lr=4.88e-04
  [3:550/1136]  loss=1.03438  grad=1.153  lr=4.97e-04
  [3:600/1136]  loss=0.40472  grad=0.583  lr=5.06e-04
  [3:650/1136]  loss=0.71213  grad=0.580  lr=5.14e-04
  [3:700/1136]  loss=0.36118  grad=1.931  lr=5.23e-04
  [3:750/1136]  loss=0.33568  grad=0.591  lr=5.32e-04
  [3:800/1136]  loss=0.32375  grad=0.595  lr=5.41e-04
  [3:850/1136]  loss=0.40282  grad=0.798  lr=5.50e-04
  [3:900/1136]  loss=0.45207  grad=0.838  lr=5.58e-04
  [3:950/1136]  loss=0.37430  grad=0.812  lr=5.67e-04
  [3:1000/1136]  loss=0.30157  grad=0.679  lr=5.76e-04
  [3:1050/1136]  loss=0.39726  grad=0.401  lr=5.85e-04
  [3:1100/1136]  loss=0.38484  grad=0.430  lr=5.94e-04
Epoch 3 — train loss: 0.43916  (33.8s)
Epoch 3 — val   loss: 0.44893
  ✓ Saved checkpoint (val_loss=0.44893)
  [4:50/1136]  loss=0.31537  grad=0.908  lr=6.09e-04
  [4:100/1136]  loss=0.69272  grad=0.565  lr=6.18e-04
  [4:150/1136]  loss=0.35618  grad=0.628  lr=6.26e-04
  [4:200/1136]  loss=0.34840  grad=0.600  lr=6.35e-04
  [4:250/1136]  loss=0.30908  grad=0.711  lr=6.44e-04
  [4:300/1136]  loss=0.41531  grad=0.873  lr=6.53e-04
  [4:350/1136]  loss=0.44409  grad=0.802  lr=6.62e-04
  [4:400/1136]  loss=0.38634  grad=0.616  lr=6.70e-04
  [4:450/1136]  loss=0.79388  grad=0.702  lr=6.79e-04
  [4:500/1136]  loss=0.32502  grad=0.768  lr=6.88e-04
  [4:550/1136]  loss=0.45093  grad=0.612  lr=6.97e-04
  [4:600/1136]  loss=0.66980  grad=0.581  lr=7.06e-04
  [4:650/1136]  loss=0.37266  grad=1.136  lr=7.14e-04
  [4:700/1136]  loss=0.35594  grad=1.058  lr=7.23e-04
  [4:750/1136]  loss=0.39229  grad=0.416  lr=7.32e-04
  [4:800/1136]  loss=0.47836  grad=0.864  lr=7.41e-04
  [4:850/1136]  loss=0.33593  grad=0.385  lr=7.50e-04
  [4:900/1136]  loss=0.40564  grad=0.531  lr=7.58e-04
  [4:950/1136]  loss=0.43841  grad=0.543  lr=7.67e-04
  [4:1000/1136]  loss=0.39640  grad=0.837  lr=7.76e-04
  [4:1050/1136]  loss=0.46017  grad=0.480  lr=7.85e-04
  [4:1100/1136]  loss=0.38951  grad=0.651  lr=7.94e-04
Epoch 4 — train loss: 0.43461  (33.9s)
Epoch 4 — val   loss: 0.44136
  ✓ Saved checkpoint (val_loss=0.44136)
  [5:50/1136]  loss=0.35657  grad=0.734  lr=8.09e-04
  [5:100/1136]  loss=0.48168  grad=1.248  lr=8.18e-04
  [5:150/1136]  loss=0.32599  grad=0.495  lr=8.26e-04
  [5:200/1136]  loss=0.34901  grad=1.055  lr=8.35e-04
  [5:250/1136]  loss=0.32578  grad=0.656  lr=8.44e-04
  [5:300/1136]  loss=0.36216  grad=1.283  lr=8.53e-04
  [5:350/1136]  loss=0.33473  grad=0.751  lr=8.62e-04
  [5:400/1136]  loss=0.32160  grad=0.500  lr=8.70e-04
  [5:450/1136]  loss=0.68741  grad=0.829  lr=8.79e-04
  [5:500/1136]  loss=0.41613  grad=0.699  lr=8.88e-04
  [5:550/1136]  loss=0.38181  grad=0.615  lr=8.97e-04
  [5:600/1136]  loss=0.46196  grad=0.762  lr=9.06e-04
  [5:650/1136]  loss=0.65109  grad=0.501  lr=9.14e-04
  [5:700/1136]  loss=0.33948  grad=0.425  lr=9.23e-04
  [5:750/1136]  loss=0.49686  grad=0.474  lr=9.32e-04
  [5:800/1136]  loss=0.40782  grad=0.517  lr=9.41e-04
  [5:850/1136]  loss=0.37228  grad=0.546  lr=9.50e-04
  [5:900/1136]  loss=0.36522  grad=0.702  lr=9.58e-04
  [5:950/1136]  loss=0.41062  grad=0.663  lr=9.67e-04
  [5:1000/1136]  loss=0.33939  grad=0.326  lr=9.76e-04
  [5:1050/1136]  loss=0.34838  grad=0.636  lr=9.85e-04
  [5:1100/1136]  loss=0.42010  grad=1.506  lr=9.94e-04
Epoch 5 — train loss: 0.43134  (33.8s)
Epoch 5 — val   loss: 0.46140
  [6:50/1136]  loss=0.37116  grad=0.592  lr=1.00e-03
  [6:100/1136]  loss=0.33045  grad=0.403  lr=1.00e-03
  [6:150/1136]  loss=0.41582  grad=0.444  lr=1.00e-03
  [6:200/1136]  loss=0.34383  grad=0.884  lr=1.00e-03
  [6:250/1136]  loss=0.36093  grad=0.474  lr=1.00e-03
  [6:300/1136]  loss=0.40079  grad=0.603  lr=1.00e-03
  [6:350/1136]  loss=0.35304  grad=0.490  lr=1.00e-03
  [6:400/1136]  loss=0.38833  grad=0.588  lr=1.00e-03
  [6:450/1136]  loss=0.42274  grad=0.646  lr=1.00e-03
  [6:500/1136]  loss=0.50440  grad=0.681  lr=1.00e-03
  [6:550/1136]  loss=0.38139  grad=0.549  lr=1.00e-03
  [6:600/1136]  loss=0.42625  grad=0.496  lr=1.00e-03
  [6:650/1136]  loss=0.41680  grad=0.304  lr=1.00e-03
  [6:700/1136]  loss=0.36944  grad=0.234  lr=1.00e-03
  [6:750/1136]  loss=0.63930  grad=0.575  lr=9.99e-04
  [6:800/1136]  loss=0.78327  grad=0.729  lr=9.99e-04
  [6:850/1136]  loss=0.37383  grad=0.411  lr=9.99e-04
  [6:900/1136]  loss=0.31588  grad=0.395  lr=9.99e-04
  [6:950/1136]  loss=0.70618  grad=0.592  lr=9.99e-04
  [6:1000/1136]  loss=0.35513  grad=0.463  lr=9.99e-04
  [6:1050/1136]  loss=0.33847  grad=0.491  lr=9.99e-04
  [6:1100/1136]  loss=0.32039  grad=0.601  lr=9.99e-04
Epoch 6 — train loss: 0.42703  (33.8s)
Epoch 6 — val   loss: 0.45088
  [7:50/1136]  loss=0.42800  grad=0.895  lr=9.99e-04
  [7:100/1136]  loss=0.35633  grad=0.356  lr=9.99e-04
  [7:150/1136]  loss=0.40509  grad=1.002  lr=9.98e-04
  [7:200/1136]  loss=0.29956  grad=0.419  lr=9.98e-04
  [7:250/1136]  loss=0.38406  grad=0.577  lr=9.98e-04
  [7:300/1136]  loss=0.69268  grad=0.389  lr=9.98e-04
  [7:350/1136]  loss=0.37291  grad=0.877  lr=9.98e-04
  [7:400/1136]  loss=0.58336  grad=0.479  lr=9.98e-04
  [7:450/1136]  loss=0.40126  grad=0.702  lr=9.98e-04
  [7:500/1136]  loss=0.39559  grad=0.414  lr=9.97e-04
  [7:550/1136]  loss=0.37237  grad=0.444  lr=9.97e-04
  [7:600/1136]  loss=0.31677  grad=0.385  lr=9.97e-04
  [7:650/1136]  loss=0.67945  grad=0.455  lr=9.97e-04
  [7:700/1136]  loss=0.38946  grad=0.755  lr=9.97e-04
  [7:750/1136]  loss=0.33105  grad=0.300  lr=9.97e-04
  [7:800/1136]  loss=0.68496  grad=0.275  lr=9.96e-04
  [7:850/1136]  loss=0.31235  grad=0.542  lr=9.96e-04
  [7:900/1136]  loss=0.38433  grad=0.361  lr=9.96e-04
  [7:950/1136]  loss=0.69836  grad=0.575  lr=9.96e-04
  [7:1000/1136]  loss=0.67821  grad=0.402  lr=9.96e-04
  [7:1050/1136]  loss=0.42307  grad=0.520  lr=9.95e-04
  [7:1100/1136]  loss=0.72244  grad=0.398  lr=9.95e-04
Epoch 7 — train loss: 0.42298  (33.8s)
Epoch 7 — val   loss: 0.44859
  [8:50/1136]  loss=0.32061  grad=0.203  lr=9.95e-04
  [8:100/1136]  loss=0.48020  grad=0.349  lr=9.95e-04
  [8:150/1136]  loss=0.35217  grad=0.691  lr=9.94e-04
  [8:200/1136]  loss=0.36660  grad=0.192  lr=9.94e-04
  [8:250/1136]  loss=0.32355  grad=0.563  lr=9.94e-04
  [8:300/1136]  loss=0.34822  grad=0.461  lr=9.94e-04
  [8:350/1136]  loss=0.44958  grad=0.318  lr=9.94e-04
  [8:400/1136]  loss=0.37099  grad=0.238  lr=9.93e-04
  [8:450/1136]  loss=0.68508  grad=0.376  lr=9.93e-04
  [8:500/1136]  loss=0.33974  grad=0.257  lr=9.93e-04
  [8:550/1136]  loss=0.38018  grad=0.374  lr=9.92e-04
  [8:600/1136]  loss=0.86015  grad=0.506  lr=9.92e-04
  [8:650/1136]  loss=0.34158  grad=0.674  lr=9.92e-04
  [8:700/1136]  loss=0.34087  grad=0.805  lr=9.92e-04
  [8:750/1136]  loss=0.34271  grad=0.258  lr=9.91e-04
  [8:800/1136]  loss=0.35597  grad=0.455  lr=9.91e-04
  [8:850/1136]  loss=0.39074  grad=1.670  lr=9.91e-04
  [8:900/1136]  loss=0.38213  grad=0.364  lr=9.91e-04
  [8:950/1136]  loss=0.43150  grad=0.337  lr=9.90e-04
  [8:1000/1136]  loss=0.37598  grad=0.310  lr=9.90e-04
  [8:1050/1136]  loss=0.69437  grad=0.626  lr=9.90e-04
  [8:1100/1136]  loss=0.44924  grad=0.570  lr=9.89e-04
Epoch 8 — train loss: 0.41939  (33.8s)
Epoch 8 — val   loss: 0.44894
  [9:50/1136]  loss=0.43228  grad=0.468  lr=9.89e-04
  [9:100/1136]  loss=0.29804  grad=0.329  lr=9.88e-04
  [9:150/1136]  loss=0.31614  grad=0.268  lr=9.88e-04
  [9:200/1136]  loss=0.29798  grad=0.586  lr=9.88e-04
  [9:250/1136]  loss=0.32900  grad=0.382  lr=9.87e-04
  [9:300/1136]  loss=0.39399  grad=0.500  lr=9.87e-04
  [9:350/1136]  loss=0.35448  grad=0.310  lr=9.87e-04
  [9:400/1136]  loss=0.36750  grad=0.503  lr=9.86e-04
  [9:450/1136]  loss=0.80079  grad=0.579  lr=9.86e-04
  [9:500/1136]  loss=0.30480  grad=0.351  lr=9.86e-04
  [9:550/1136]  loss=0.47147  grad=0.482  lr=9.85e-04
  [9:600/1136]  loss=0.27961  grad=0.491  lr=9.85e-04
  [9:650/1136]  loss=1.07749  grad=0.481  lr=9.85e-04
  [9:700/1136]  loss=0.31058  grad=0.603  lr=9.84e-04
  [9:750/1136]  loss=0.38347  grad=0.521  lr=9.84e-04
  [9:800/1136]  loss=0.36858  grad=0.447  lr=9.83e-04
  [9:850/1136]  loss=0.37655  grad=0.487  lr=9.83e-04
  [9:900/1136]  loss=0.43589  grad=0.301  lr=9.83e-04
  [9:950/1136]  loss=0.45889  grad=0.725  lr=9.82e-04
  [9:1000/1136]  loss=0.37539  grad=0.277  lr=9.82e-04
  [9:1050/1136]  loss=0.29184  grad=0.198  lr=9.81e-04
  [9:1100/1136]  loss=0.33095  grad=0.253  lr=9.81e-04
Epoch 9 — train loss: 0.41603  (33.8s)
Epoch 9 — val   loss: 0.44626
  [10:50/1136]  loss=0.38790  grad=0.360  lr=9.80e-04
  [10:100/1136]  loss=0.43816  grad=1.256  lr=9.80e-04
  [10:150/1136]  loss=0.34520  grad=0.223  lr=9.79e-04
  [10:200/1136]  loss=0.31187  grad=0.480  lr=9.79e-04
  [10:250/1136]  loss=0.40823  grad=0.485  lr=9.78e-04
  [10:300/1136]  loss=0.38505  grad=0.272  lr=9.78e-04
  [10:350/1136]  loss=0.41934  grad=0.538  lr=9.78e-04
  [10:400/1136]  loss=0.40758  grad=0.269  lr=9.77e-04
  [10:450/1136]  loss=0.37201  grad=0.331  lr=9.77e-04
  [10:500/1136]  loss=0.34199  grad=0.250  lr=9.76e-04
  [10:550/1136]  loss=0.31795  grad=0.403  lr=9.76e-04
  [10:600/1136]  loss=0.28885  grad=0.484  lr=9.75e-04
  [10:650/1136]  loss=0.47555  grad=0.357  lr=9.75e-04
  [10:700/1136]  loss=0.37732  grad=0.451  lr=9.74e-04
  [10:750/1136]  loss=0.35904  grad=0.336  lr=9.74e-04
  [10:800/1136]  loss=0.65391  grad=0.216  lr=9.73e-04
  [10:850/1136]  loss=0.33727  grad=0.296  lr=9.73e-04
  [10:900/1136]  loss=0.38746  grad=0.811  lr=9.72e-04
  [10:950/1136]  loss=0.34834  grad=0.287  lr=9.72e-04
  [10:1000/1136]  loss=0.36379  grad=0.577  lr=9.71e-04
  [10:1050/1136]  loss=0.35617  grad=0.566  lr=9.71e-04
  [10:1100/1136]  loss=0.25897  grad=0.326  lr=9.70e-04
Epoch 10 — train loss: 0.41263  (33.8s)
Epoch 10 — val   loss: 0.44884
  [11:50/1136]  loss=0.34986  grad=0.292  lr=9.69e-04
  [11:100/1136]  loss=0.36272  grad=0.388  lr=9.69e-04
  [11:150/1136]  loss=0.34280  grad=0.746  lr=9.68e-04
  [11:200/1136]  loss=0.68113  grad=0.351  lr=9.68e-04
  [11:250/1136]  loss=0.35621  grad=0.438  lr=9.67e-04
  [11:300/1136]  loss=0.38893  grad=0.659  lr=9.67e-04
  [11:350/1136]  loss=0.42105  grad=0.465  lr=9.66e-04
  [11:400/1136]  loss=0.32712  grad=0.238  lr=9.66e-04
  [11:450/1136]  loss=0.37872  grad=0.512  lr=9.65e-04
  [11:500/1136]  loss=0.70646  grad=0.283  lr=9.64e-04
  [11:550/1136]  loss=0.41769  grad=0.833  lr=9.64e-04
  [11:600/1136]  loss=0.30867  grad=0.275  lr=9.63e-04
  [11:650/1136]  loss=0.27068  grad=0.349  lr=9.63e-04
  [11:700/1136]  loss=0.38059  grad=0.334  lr=9.62e-04
  [11:750/1136]  loss=0.71006  grad=1.262  lr=9.61e-04
  [11:800/1136]  loss=0.37902  grad=0.467  lr=9.61e-04
  [11:850/1136]  loss=0.73252  grad=0.305  lr=9.60e-04
  [11:900/1136]  loss=0.26642  grad=0.353  lr=9.60e-04
  [11:950/1136]  loss=0.33947  grad=0.435  lr=9.59e-04
  [11:1000/1136]  loss=0.36588  grad=0.230  lr=9.58e-04
  [11:1050/1136]  loss=0.32675  grad=0.419  lr=9.58e-04
  [11:1100/1136]  loss=0.59975  grad=0.446  lr=9.57e-04
Epoch 11 — train loss: 0.40955  (33.9s)
Epoch 11 — val   loss: 0.44970
  [12:50/1136]  loss=0.30365  grad=0.419  lr=9.56e-04
  [12:100/1136]  loss=0.36422  grad=0.478  lr=9.56e-04
  [12:150/1136]  loss=0.38360  grad=0.385  lr=9.55e-04
  [12:200/1136]  loss=0.70514  grad=0.280  lr=9.54e-04
  [12:250/1136]  loss=0.42092  grad=0.276  lr=9.54e-04
  [12:300/1136]  loss=0.31240  grad=0.399  lr=9.53e-04
  [12:350/1136]  loss=0.36004  grad=0.360  lr=9.52e-04
  [12:400/1136]  loss=0.34126  grad=0.782  lr=9.52e-04
  [12:450/1136]  loss=0.26934  grad=0.732  lr=9.51e-04
  [12:500/1136]  loss=0.73362  grad=0.354  lr=9.50e-04
  [12:550/1136]  loss=0.37132  grad=0.561  lr=9.50e-04
  [12:600/1136]  loss=0.41852  grad=0.243  lr=9.49e-04
  [12:650/1136]  loss=0.39272  grad=0.277  lr=9.48e-04
  [12:700/1136]  loss=0.37568  grad=0.465  lr=9.48e-04
  [12:750/1136]  loss=0.31314  grad=0.254  lr=9.47e-04
  [12:800/1136]  loss=0.32315  grad=0.594  lr=9.46e-04
  [12:850/1136]  loss=0.64841  grad=0.459  lr=9.46e-04
  [12:900/1136]  loss=0.28065  grad=1.108  lr=9.45e-04
  [12:950/1136]  loss=0.35540  grad=0.195  lr=9.44e-04
  [12:1000/1136]  loss=0.32063  grad=0.265  lr=9.43e-04
  [12:1050/1136]  loss=0.36768  grad=0.356  lr=9.43e-04
  [12:1100/1136]  loss=0.56748  grad=0.416  lr=9.42e-04
Epoch 12 — train loss: 0.40702  (33.8s)
Epoch 12 — val   loss: 0.45379
  [13:50/1136]  loss=0.38204  grad=0.415  lr=9.41e-04
  [13:100/1136]  loss=0.44209  grad=0.309  lr=9.40e-04
  [13:150/1136]  loss=0.30520  grad=0.418  lr=9.39e-04
  [13:200/1136]  loss=0.29362  grad=0.279  lr=9.39e-04
  [13:250/1136]  loss=0.31196  grad=0.392  lr=9.38e-04
  [13:300/1136]  loss=0.38128  grad=0.295  lr=9.37e-04
  [13:350/1136]  loss=0.40704  grad=0.229  lr=9.36e-04
  [13:400/1136]  loss=0.42812  grad=0.312  lr=9.36e-04
  [13:450/1136]  loss=0.33904  grad=0.259  lr=9.35e-04
  [13:500/1136]  loss=0.35048  grad=0.391  lr=9.34e-04
  [13:550/1136]  loss=0.32758  grad=0.366  lr=9.33e-04
  [13:600/1136]  loss=0.29049  grad=0.354  lr=9.33e-04
  [13:650/1136]  loss=0.73095  grad=0.297  lr=9.32e-04
  [13:700/1136]  loss=0.33771  grad=0.431  lr=9.31e-04
  [13:750/1136]  loss=0.30473  grad=0.439  lr=9.30e-04
  [13:800/1136]  loss=0.36872  grad=0.366  lr=9.29e-04
  [13:850/1136]  loss=0.75535  grad=0.466  lr=9.29e-04
  [13:900/1136]  loss=0.29325  grad=0.268  lr=9.28e-04
  [13:950/1136]  loss=0.32780  grad=0.447  lr=9.27e-04
  [13:1000/1136]  loss=0.68768  grad=0.253  lr=9.26e-04
  [13:1050/1136]  loss=0.53490  grad=0.341  lr=9.25e-04
  [13:1100/1136]  loss=0.35650  grad=0.246  lr=9.25e-04
Epoch 13 — train loss: 0.40347  (33.8s)
Epoch 13 — val   loss: 0.45185
  [14:50/1136]  loss=0.26101  grad=0.336  lr=9.23e-04
  [14:100/1136]  loss=0.34885  grad=0.532  lr=9.22e-04
  [14:150/1136]  loss=0.45308  grad=0.371  lr=9.22e-04
  [14:200/1136]  loss=0.27885  grad=0.493  lr=9.21e-04
  [14:250/1136]  loss=0.41767  grad=0.305  lr=9.20e-04
  [14:300/1136]  loss=0.33207  grad=0.401  lr=9.19e-04
  [14:350/1136]  loss=0.42293  grad=0.417  lr=9.18e-04
  [14:400/1136]  loss=0.38843  grad=0.213  lr=9.17e-04
  [14:450/1136]  loss=0.40863  grad=0.313  lr=9.17e-04
  [14:500/1136]  loss=0.28549  grad=0.326  lr=9.16e-04
  [14:550/1136]  loss=0.30089  grad=0.404  lr=9.15e-04
  [14:600/1136]  loss=0.32010  grad=0.374  lr=9.14e-04
  [14:650/1136]  loss=0.31640  grad=0.362  lr=9.13e-04
  [14:700/1136]  loss=0.29328  grad=0.230  lr=9.12e-04
  [14:750/1136]  loss=0.68100  grad=0.346  lr=9.11e-04
  [14:800/1136]  loss=0.33438  grad=0.293  lr=9.10e-04
  [14:850/1136]  loss=0.34302  grad=0.190  lr=9.10e-04
  [14:900/1136]  loss=0.45010  grad=0.428  lr=9.09e-04
  [14:950/1136]  loss=0.30841  grad=0.428  lr=9.08e-04
  [14:1000/1136]  loss=0.36571  grad=0.562  lr=9.07e-04
  [14:1050/1136]  loss=0.29222  grad=0.363  lr=9.06e-04
  [14:1100/1136]  loss=0.34259  grad=0.361  lr=9.05e-04
Epoch 14 — train loss: 0.40071  (33.9s)
Epoch 14 — val   loss: 0.45642
  [15:50/1136]  loss=0.36691  grad=0.412  lr=9.04e-04
  [15:100/1136]  loss=0.32229  grad=0.216  lr=9.03e-04
  [15:150/1136]  loss=0.30486  grad=0.904  lr=9.02e-04
  [15:200/1136]  loss=0.30725  grad=1.032  lr=9.01e-04
  [15:250/1136]  loss=0.51134  grad=0.349  lr=9.00e-04
  [15:300/1136]  loss=0.35942  grad=0.296  lr=8.99e-04
  [15:350/1136]  loss=0.37887  grad=0.222  lr=8.98e-04
  [15:400/1136]  loss=0.35361  grad=0.495  lr=8.97e-04
  [15:450/1136]  loss=0.34696  grad=0.754  lr=8.96e-04
  [15:500/1136]  loss=0.43498  grad=0.227  lr=8.95e-04
  [15:550/1136]  loss=0.22890  grad=0.507  lr=8.94e-04
  [15:600/1136]  loss=0.35258  grad=0.215  lr=8.93e-04
  [15:650/1136]  loss=0.37790  grad=0.346  lr=8.92e-04
  [15:700/1136]  loss=0.82282  grad=0.262  lr=8.91e-04
  [15:750/1136]  loss=0.37378  grad=0.236  lr=8.91e-04
  [15:800/1136]  loss=0.25702  grad=1.007  lr=8.90e-04
  [15:850/1136]  loss=0.38106  grad=0.297  lr=8.89e-04
  [15:900/1136]  loss=0.42661  grad=0.556  lr=8.88e-04
  [15:950/1136]  loss=0.42347  grad=0.288  lr=8.87e-04
  [15:1000/1136]  loss=0.31033  grad=0.192  lr=8.86e-04
  [15:1050/1136]  loss=0.60860  grad=0.300  lr=8.85e-04
  [15:1100/1136]  loss=0.72533  grad=0.524  lr=8.84e-04
Epoch 15 — train loss: 0.39758  (33.8s)
Epoch 15 — val   loss: 0.46151
  [16:50/1136]  loss=0.28443  grad=0.226  lr=8.82e-04
  [16:100/1136]  loss=0.40988  grad=0.184  lr=8.81e-04
  [16:150/1136]  loss=0.31832  grad=0.325  lr=8.80e-04
  [16:200/1136]  loss=0.31742  grad=2.649  lr=8.79e-04
  [16:250/1136]  loss=0.36990  grad=0.431  lr=8.78e-04
  [16:300/1136]  loss=0.30043  grad=0.322  lr=8.77e-04
  [16:350/1136]  loss=0.22741  grad=0.177  lr=8.76e-04
  [16:400/1136]  loss=0.34887  grad=0.520  lr=8.75e-04
  [16:450/1136]  loss=0.41942  grad=0.221  lr=8.74e-04
  [16:500/1136]  loss=0.38966  grad=0.516  lr=8.73e-04
  [16:550/1136]  loss=0.62156  grad=0.283  lr=8.72e-04
  [16:600/1136]  loss=0.64105  grad=0.370  lr=8.71e-04
  [16:650/1136]  loss=0.30370  grad=0.913  lr=8.70e-04
  [16:700/1136]  loss=0.36909  grad=0.461  lr=8.69e-04
  [16:750/1136]  loss=0.36361  grad=0.270  lr=8.68e-04
  [16:800/1136]  loss=0.66881  grad=0.389  lr=8.67e-04
  [16:850/1136]  loss=0.30338  grad=0.261  lr=8.66e-04
  [16:900/1136]  loss=0.36360  grad=0.219  lr=8.65e-04
  [16:950/1136]  loss=0.29832  grad=0.277  lr=8.64e-04
  [16:1000/1136]  loss=0.33505  grad=0.316  lr=8.63e-04
  [16:1050/1136]  loss=0.28752  grad=0.338  lr=8.62e-04
  [16:1100/1136]  loss=0.33379  grad=0.280  lr=8.60e-04
Epoch 16 — train loss: 0.39328  (33.8s)
Epoch 16 — val   loss: 0.45209
  [17:50/1136]  loss=0.29913  grad=0.598  lr=8.59e-04
  [17:100/1136]  loss=0.29744  grad=0.186  lr=8.58e-04
  [17:150/1136]  loss=0.29400  grad=0.212  lr=8.56e-04
  [17:200/1136]  loss=0.36658  grad=0.608  lr=8.55e-04
  [17:250/1136]  loss=0.27292  grad=0.207  lr=8.54e-04
  [17:300/1136]  loss=0.63475  grad=0.241  lr=8.53e-04
  [17:350/1136]  loss=0.31224  grad=0.249  lr=8.52e-04
  [17:400/1136]  loss=0.59787  grad=0.518  lr=8.51e-04
  [17:450/1136]  loss=0.29776  grad=0.311  lr=8.50e-04
  [17:500/1136]  loss=0.39823  grad=0.265  lr=8.49e-04
  [17:550/1136]  loss=0.26861  grad=0.210  lr=8.48e-04
  [17:600/1136]  loss=0.30150  grad=0.184  lr=8.47e-04
  [17:650/1136]  loss=0.37006  grad=0.375  lr=8.46e-04
  [17:700/1136]  loss=0.34158  grad=0.291  lr=8.44e-04
  [17:750/1136]  loss=0.34132  grad=0.332  lr=8.43e-04
  [17:800/1136]  loss=0.37210  grad=0.326  lr=8.42e-04
  [17:850/1136]  loss=0.30770  grad=0.253  lr=8.41e-04
  [17:900/1136]  loss=0.30839  grad=0.278  lr=8.40e-04
  [17:950/1136]  loss=0.35620  grad=1.119  lr=8.39e-04
  [17:1000/1136]  loss=0.67163  grad=0.309  lr=8.38e-04
  [17:1050/1136]  loss=0.35646  grad=0.230  lr=8.37e-04
  [17:1100/1136]  loss=0.31589  grad=0.485  lr=8.35e-04
Epoch 17 — train loss: 0.38993  (33.8s)
Epoch 17 — val   loss: 0.46844
  [18:50/1136]  loss=0.29806  grad=0.630  lr=8.33e-04
  [18:100/1136]  loss=0.45685  grad=0.545  lr=8.32e-04
  [18:150/1136]  loss=0.31267  grad=0.620  lr=8.31e-04
  [18:200/1136]  loss=0.36598  grad=0.217  lr=8.30e-04
  [18:250/1136]  loss=0.43778  grad=0.554  lr=8.29e-04
  [18:300/1136]  loss=0.34837  grad=0.296  lr=8.28e-04
  [18:350/1136]  loss=0.36501  grad=0.231  lr=8.26e-04
  [18:400/1136]  loss=0.36077  grad=0.277  lr=8.25e-04
  [18:450/1136]  loss=0.28799  grad=0.490  lr=8.24e-04
  [18:500/1136]  loss=0.28589  grad=0.387  lr=8.23e-04
  [18:550/1136]  loss=0.31293  grad=0.486  lr=8.22e-04
  [18:600/1136]  loss=0.36277  grad=0.550  lr=8.21e-04
  [18:650/1136]  loss=0.28866  grad=0.187  lr=8.19e-04
  [18:700/1136]  loss=0.64871  grad=0.334  lr=8.18e-04
  [18:750/1136]  loss=0.30686  grad=0.404  lr=8.17e-04
  [18:800/1136]  loss=0.67783  grad=0.516  lr=8.16e-04
  [18:850/1136]  loss=0.30492  grad=0.224  lr=8.15e-04
  [18:900/1136]  loss=0.38409  grad=0.332  lr=8.14e-04
  [18:950/1136]  loss=0.27620  grad=0.253  lr=8.12e-04
  [18:1000/1136]  loss=0.43577  grad=0.304  lr=8.11e-04
  [18:1050/1136]  loss=0.32334  grad=0.253  lr=8.10e-04
  [18:1100/1136]  loss=0.34636  grad=0.289  lr=8.09e-04
Epoch 18 — train loss: 0.38612  (33.8s)
Epoch 18 — val   loss: 0.46142
  [19:50/1136]  loss=0.64399  grad=0.678  lr=8.07e-04
  [19:100/1136]  loss=0.28160  grad=0.218  lr=8.05e-04
  [19:150/1136]  loss=0.26464  grad=0.261  lr=8.04e-04
  [19:200/1136]  loss=0.65770  grad=0.555  lr=8.03e-04
  [19:250/1136]  loss=0.33905  grad=0.437  lr=8.02e-04
  [19:300/1136]  loss=0.29804  grad=0.749  lr=8.01e-04
  [19:350/1136]  loss=0.62304  grad=0.314  lr=7.99e-04
  [19:400/1136]  loss=0.62893  grad=0.513  lr=7.98e-04
  [19:450/1136]  loss=0.26887  grad=0.274  lr=7.97e-04
  [19:500/1136]  loss=0.34580  grad=0.245  lr=7.96e-04
  [19:550/1136]  loss=0.37926  grad=0.450  lr=7.94e-04
  [19:600/1136]  loss=0.27909  grad=0.248  lr=7.93e-04
  [19:650/1136]  loss=0.33779  grad=0.350  lr=7.92e-04
  [19:700/1136]  loss=0.25400  grad=0.618  lr=7.91e-04
  [19:750/1136]  loss=0.28701  grad=0.462  lr=7.89e-04
  [19:800/1136]  loss=0.35046  grad=0.658  lr=7.88e-04
  [19:850/1136]  loss=0.35421  grad=0.275  lr=7.87e-04
  [19:900/1136]  loss=0.36876  grad=0.308  lr=7.86e-04
  [19:950/1136]  loss=0.34654  grad=0.669  lr=7.84e-04
  [19:1000/1136]  loss=0.36624  grad=0.667  lr=7.83e-04
  [19:1050/1136]  loss=0.63533  grad=1.150  lr=7.82e-04
  [19:1100/1136]  loss=0.64598  grad=0.903  lr=7.81e-04
Epoch 19 — train loss: 0.38296  (33.8s)
Epoch 19 — val   loss: 0.46183
Early stopping at epoch 19

=======================================================
Loading best checkpoint for testing...
Best checkpoint: epoch=4, val_loss=0.44136

Test results:
  H= 192  MSE=0.19533  MAE=0.23312  RMSE=0.44196

Results saved to /gpfs/scratch/an4462/at6646/ne-time-v2/outputs/netime_Weather_medium_perH_CI_CI_H192_results.json
  H= 192  MSE=0.19533  MAE=0.23312

=======================================================
Per-horizon training: H=336
=======================================================
Loaded Weather: shape=(52696, 21)
Split: train=70% / val=10% / test=20%
Train: 36,216 samples (1131 batches)
Val:   4,598 samples (144 batches)
Test:  9,869 samples (309 batches)

Device: cuda
Total parameters: 254,362
  revin                       2
  patch_embed             7,680
  decomposer                  0
  curvatures                  4
  hyp_encoders          125,379
  horizon_enc            25,539
  hyp_decoder            24,961
  temporal_proj          53,904
  out_proj               16,897

Param groups:
  decay         250,368  (wd=0.0001)
  no_decay        3,990  (wd=0)
  curvature           4  (wd=0.001, lr×0.1)

=======================================================
Training: netime_Weather_medium_perH_CI_CI_H336
=======================================================
  [1:50/1131]  loss=0.61811  grad=0.084  lr=8.84e-06
  [1:100/1131]  loss=0.58642  grad=0.147  lr=1.77e-05
  [1:150/1131]  loss=0.67800  grad=0.306  lr=2.65e-05
  [1:200/1131]  loss=0.75949  grad=0.403  lr=3.54e-05
  [1:250/1131]  loss=0.44551  grad=0.417  lr=4.42e-05
  [1:300/1131]  loss=0.72339  grad=0.814  lr=5.31e-05
  [1:350/1131]  loss=0.53956  grad=2.466  lr=6.19e-05
  [1:400/1131]  loss=0.48679  grad=0.979  lr=7.07e-05
  [1:450/1131]  loss=0.49097  grad=0.566  lr=7.96e-05
  [1:500/1131]  loss=0.49294  grad=0.673  lr=8.84e-05
  [1:550/1131]  loss=0.52555  grad=0.787  lr=9.73e-05
  [1:600/1131]  loss=0.41343  grad=0.836  lr=1.06e-04
  [1:650/1131]  loss=0.49003  grad=0.931  lr=1.15e-04
  [1:700/1131]  loss=0.84593  grad=1.691  lr=1.24e-04
  [1:750/1131]  loss=0.45173  grad=0.850  lr=1.33e-04
  [1:800/1131]  loss=0.47176  grad=0.704  lr=1.41e-04
  [1:850/1131]  loss=0.48386  grad=1.661  lr=1.50e-04
  [1:900/1131]  loss=0.41855  grad=2.138  lr=1.59e-04
  [1:950/1131]  loss=0.40057  grad=0.532  lr=1.68e-04
  [1:1000/1131]  loss=0.40285  grad=1.104  lr=1.77e-04
  [1:1050/1131]  loss=0.43072  grad=0.624  lr=1.86e-04
  [1:1100/1131]  loss=0.47737  grad=1.098  lr=1.95e-04
Epoch 1 — train loss: 0.54292  (36.6s)
Epoch 1 — val   loss: 0.53233
  ✓ Saved checkpoint (val_loss=0.53233)
  [2:50/1131]  loss=0.59415  grad=0.640  lr=2.09e-04
  [2:100/1131]  loss=0.42739  grad=0.397  lr=2.18e-04
  [2:150/1131]  loss=0.65462  grad=0.722  lr=2.27e-04
  [2:200/1131]  loss=0.42226  grad=0.837  lr=2.35e-04
  [2:250/1131]  loss=0.71093  grad=0.813  lr=2.44e-04
  [2:300/1131]  loss=0.41148  grad=1.905  lr=2.53e-04
  [2:350/1131]  loss=0.58224  grad=1.032  lr=2.62e-04
  [2:400/1131]  loss=0.53162  grad=1.760  lr=2.71e-04
  [2:450/1131]  loss=0.42221  grad=1.060  lr=2.80e-04
  [2:500/1131]  loss=0.48716  grad=1.101  lr=2.88e-04
  [2:550/1131]  loss=0.41817  grad=1.092  lr=2.97e-04
  [2:600/1131]  loss=0.52514  grad=0.629  lr=3.06e-04
  [2:650/1131]  loss=0.66884  grad=0.690  lr=3.15e-04
  [2:700/1131]  loss=0.60188  grad=0.473  lr=3.24e-04
  [2:750/1131]  loss=0.41548  grad=1.326  lr=3.33e-04
  [2:800/1131]  loss=0.47994  grad=0.839  lr=3.41e-04
  [2:850/1131]  loss=0.48167  grad=0.569  lr=3.50e-04
  [2:900/1131]  loss=0.48076  grad=0.979  lr=3.59e-04
  [2:950/1131]  loss=0.40774  grad=0.481  lr=3.68e-04
  [2:1000/1131]  loss=0.38501  grad=1.081  lr=3.77e-04
  [2:1050/1131]  loss=0.45662  grad=0.580  lr=3.86e-04
  [2:1100/1131]  loss=0.85463  grad=0.641  lr=3.95e-04
Epoch 2 — train loss: 0.49770  (36.6s)
Epoch 2 — val   loss: 0.52676
  ✓ Saved checkpoint (val_loss=0.52676)
  [3:50/1131]  loss=0.44963  grad=0.790  lr=4.09e-04
  [3:100/1131]  loss=0.51089  grad=0.581  lr=4.18e-04
  [3:150/1131]  loss=0.43128  grad=0.566  lr=4.27e-04
  [3:200/1131]  loss=0.46624  grad=1.628  lr=4.35e-04
  [3:250/1131]  loss=0.45205  grad=0.481  lr=4.44e-04
  [3:300/1131]  loss=0.42991  grad=0.908  lr=4.53e-04
  [3:350/1131]  loss=0.62835  grad=1.476  lr=4.62e-04
  [3:400/1131]  loss=0.41521  grad=0.503  lr=4.71e-04
  [3:450/1131]  loss=0.65962  grad=1.340  lr=4.80e-04
  [3:500/1131]  loss=0.52503  grad=0.592  lr=4.88e-04
  [3:550/1131]  loss=0.40268  grad=0.994  lr=4.97e-04
  [3:600/1131]  loss=0.39260  grad=0.438  lr=5.06e-04
  [3:650/1131]  loss=0.45925  grad=0.744  lr=5.15e-04
  [3:700/1131]  loss=0.48696  grad=0.690  lr=5.24e-04
  [3:750/1131]  loss=0.58622  grad=1.107  lr=5.33e-04
  [3:800/1131]  loss=0.60876  grad=0.325  lr=5.41e-04
  [3:850/1131]  loss=0.49460  grad=1.090  lr=5.50e-04
  [3:900/1131]  loss=0.39602  grad=0.983  lr=5.59e-04
  [3:950/1131]  loss=0.59203  grad=0.880  lr=5.68e-04
  [3:1000/1131]  loss=0.38542  grad=1.215  lr=5.77e-04
  [3:1050/1131]  loss=0.37235  grad=0.589  lr=5.86e-04
  [3:1100/1131]  loss=0.44780  grad=0.831  lr=5.95e-04
Epoch 3 — train loss: 0.48985  (36.7s)
Epoch 3 — val   loss: 0.52237
  ✓ Saved checkpoint (val_loss=0.52237)
  [4:50/1131]  loss=0.68442  grad=1.091  lr=6.09e-04
  [4:100/1131]  loss=0.51854  grad=0.848  lr=6.18e-04
  [4:150/1131]  loss=0.65024  grad=0.728  lr=6.27e-04
  [4:200/1131]  loss=0.37599  grad=1.011  lr=6.35e-04
  [4:250/1131]  loss=0.38181  grad=0.290  lr=6.44e-04
  [4:300/1131]  loss=0.67340  grad=1.232  lr=6.53e-04
  [4:350/1131]  loss=0.44613  grad=0.684  lr=6.62e-04
  [4:400/1131]  loss=0.41527  grad=0.557  lr=6.71e-04
  [4:450/1131]  loss=0.61130  grad=0.524  lr=6.80e-04
  [4:500/1131]  loss=0.48822  grad=0.354  lr=6.88e-04
  [4:550/1131]  loss=0.52028  grad=0.774  lr=6.97e-04
  [4:600/1131]  loss=0.39399  grad=0.614  lr=7.06e-04
  [4:650/1131]  loss=0.58652  grad=0.508  lr=7.15e-04
  [4:700/1131]  loss=0.62947  grad=0.745  lr=7.24e-04
  [4:750/1131]  loss=0.44485  grad=0.621  lr=7.33e-04
  [4:800/1131]  loss=0.43757  grad=0.685  lr=7.41e-04
  [4:850/1131]  loss=0.47150  grad=0.333  lr=7.50e-04
  [4:900/1131]  loss=0.42988  grad=0.850  lr=7.59e-04
  [4:950/1131]  loss=0.50955  grad=0.927  lr=7.68e-04
  [4:1000/1131]  loss=0.69676  grad=0.741  lr=7.77e-04
  [4:1050/1131]  loss=0.45807  grad=0.417  lr=7.86e-04
  [4:1100/1131]  loss=0.35907  grad=0.553  lr=7.95e-04
Epoch 4 — train loss: 0.48455  (36.7s)
Epoch 4 — val   loss: 0.51351
  ✓ Saved checkpoint (val_loss=0.51351)
  [5:50/1131]  loss=0.43695  grad=1.184  lr=8.09e-04
  [5:100/1131]  loss=0.37722  grad=0.306  lr=8.18e-04
  [5:150/1131]  loss=0.48722  grad=0.817  lr=8.27e-04
  [5:200/1131]  loss=0.42497  grad=0.313  lr=8.35e-04
  [5:250/1131]  loss=0.79226  grad=0.769  lr=8.44e-04
  [5:300/1131]  loss=0.42391  grad=0.663  lr=8.53e-04
  [5:350/1131]  loss=0.44455  grad=0.283  lr=8.62e-04
  [5:400/1131]  loss=0.47981  grad=0.478  lr=8.71e-04
  [5:450/1131]  loss=0.43708  grad=0.362  lr=8.80e-04
  [5:500/1131]  loss=0.44463  grad=0.487  lr=8.88e-04
  [5:550/1131]  loss=0.37652  grad=0.536  lr=8.97e-04
  [5:600/1131]  loss=0.44545  grad=0.665  lr=9.06e-04
  [5:650/1131]  loss=0.35905  grad=0.315  lr=9.15e-04
  [5:700/1131]  loss=0.40436  grad=0.315  lr=9.24e-04
  [5:750/1131]  loss=0.40693  grad=0.290  lr=9.33e-04
  [5:800/1131]  loss=0.59141  grad=1.029  lr=9.41e-04
  [5:850/1131]  loss=0.44826  grad=0.823  lr=9.50e-04
  [5:900/1131]  loss=0.39183  grad=0.614  lr=9.59e-04
  [5:950/1131]  loss=0.41834  grad=0.869  lr=9.68e-04
  [5:1000/1131]  loss=0.51037  grad=0.491  lr=9.77e-04
  [5:1050/1131]  loss=0.47592  grad=0.730  lr=9.86e-04
  [5:1100/1131]  loss=0.40443  grad=0.612  lr=9.95e-04
Epoch 5 — train loss: 0.47859  (36.6s)
Epoch 5 — val   loss: 0.51176
  ✓ Saved checkpoint (val_loss=0.51176)
  [6:50/1131]  loss=0.47558  grad=0.287  lr=1.00e-03
  [6:100/1131]  loss=0.57905  grad=0.368  lr=1.00e-03
  [6:150/1131]  loss=0.42859  grad=0.862  lr=1.00e-03
  [6:200/1131]  loss=0.47875  grad=0.226  lr=1.00e-03
  [6:250/1131]  loss=0.38414  grad=0.459  lr=1.00e-03
  [6:300/1131]  loss=0.46970  grad=0.389  lr=1.00e-03
  [6:350/1131]  loss=0.48018  grad=0.606  lr=1.00e-03
  [6:400/1131]  loss=0.41356  grad=0.948  lr=1.00e-03
  [6:450/1131]  loss=0.48790  grad=0.455  lr=1.00e-03
  [6:500/1131]  loss=0.43361  grad=0.258  lr=1.00e-03
  [6:550/1131]  loss=0.36158  grad=0.930  lr=1.00e-03
  [6:600/1131]  loss=0.38504  grad=0.372  lr=1.00e-03
  [6:650/1131]  loss=0.44164  grad=0.484  lr=1.00e-03
  [6:700/1131]  loss=0.35825  grad=0.260  lr=1.00e-03
  [6:750/1131]  loss=0.40551  grad=0.564  lr=9.99e-04
  [6:800/1131]  loss=0.64023  grad=0.502  lr=9.99e-04
  [6:850/1131]  loss=0.79467  grad=0.505  lr=9.99e-04
  [6:900/1131]  loss=0.47198  grad=0.403  lr=9.99e-04
  [6:950/1131]  loss=0.44290  grad=0.535  lr=9.99e-04
  [6:1000/1131]  loss=0.33021  grad=0.321  lr=9.99e-04
  [6:1050/1131]  loss=0.42544  grad=0.372  lr=9.99e-04
  [6:1100/1131]  loss=0.38234  grad=0.591  lr=9.99e-04
Epoch 6 — train loss: 0.47239  (36.6s)
Epoch 6 — val   loss: 0.51078
  ✓ Saved checkpoint (val_loss=0.51078)
  [7:50/1131]  loss=0.32575  grad=0.459  lr=9.99e-04
  [7:100/1131]  loss=0.58666  grad=0.296  lr=9.99e-04
  [7:150/1131]  loss=0.38641  grad=0.299  lr=9.98e-04
  [7:200/1131]  loss=0.37513  grad=0.315  lr=9.98e-04
  [7:250/1131]  loss=0.42433  grad=0.357  lr=9.98e-04
  [7:300/1131]  loss=0.33623  grad=0.483  lr=9.98e-04
  [7:350/1131]  loss=0.73831  grad=0.374  lr=9.98e-04
  [7:400/1131]  loss=0.39426  grad=0.688  lr=9.98e-04
  [7:450/1131]  loss=0.44766  grad=0.839  lr=9.98e-04
  [7:500/1131]  loss=0.39575  grad=0.417  lr=9.97e-04
  [7:550/1131]  loss=0.41780  grad=0.363  lr=9.97e-04
  [7:600/1131]  loss=0.38226  grad=0.393  lr=9.97e-04
  [7:650/1131]  loss=0.41778  grad=0.197  lr=9.97e-04
  [7:700/1131]  loss=0.55464  grad=0.453  lr=9.97e-04
  [7:750/1131]  loss=0.37327  grad=0.456  lr=9.97e-04
  [7:800/1131]  loss=0.46840  grad=0.283  lr=9.96e-04
  [7:850/1131]  loss=0.44761  grad=0.265  lr=9.96e-04
  [7:900/1131]  loss=0.42981  grad=0.381  lr=9.96e-04
  [7:950/1131]  loss=0.57758  grad=0.445  lr=9.96e-04
  [7:1000/1131]  loss=0.41539  grad=0.295  lr=9.96e-04
  [7:1050/1131]  loss=0.60007  grad=0.291  lr=9.95e-04
  [7:1100/1131]  loss=0.31244  grad=0.234  lr=9.95e-04
Epoch 7 — train loss: 0.46609  (36.7s)
Epoch 7 — val   loss: 0.50959
  ✓ Saved checkpoint (val_loss=0.50959)
  [8:50/1131]  loss=0.46283  grad=0.455  lr=9.95e-04
  [8:100/1131]  loss=0.58369  grad=0.172  lr=9.95e-04
  [8:150/1131]  loss=0.39797  grad=0.484  lr=9.94e-04
  [8:200/1131]  loss=0.60673  grad=0.273  lr=9.94e-04
  [8:250/1131]  loss=0.52948  grad=0.407  lr=9.94e-04
  [8:300/1131]  loss=0.60949  grad=0.440  lr=9.94e-04
  [8:350/1131]  loss=0.35514  grad=0.393  lr=9.94e-04
  [8:400/1131]  loss=0.50668  grad=0.239  lr=9.93e-04
  [8:450/1131]  loss=0.43342  grad=0.452  lr=9.93e-04
  [8:500/1131]  loss=0.44613  grad=0.595  lr=9.93e-04
  [8:550/1131]  loss=0.41799  grad=0.327  lr=9.92e-04
  [8:600/1131]  loss=0.41791  grad=0.187  lr=9.92e-04
  [8:650/1131]  loss=0.36576  grad=0.304  lr=9.92e-04
  [8:700/1131]  loss=0.40500  grad=0.441  lr=9.92e-04
  [8:750/1131]  loss=0.36900  grad=0.497  lr=9.91e-04
  [8:800/1131]  loss=0.39448  grad=0.326  lr=9.91e-04
  [8:850/1131]  loss=0.38589  grad=0.394  lr=9.91e-04
  [8:900/1131]  loss=0.45756  grad=0.297  lr=9.91e-04
  [8:950/1131]  loss=0.43172  grad=0.324  lr=9.90e-04
  [8:1000/1131]  loss=0.34273  grad=0.195  lr=9.90e-04
  [8:1050/1131]  loss=0.35022  grad=0.365  lr=9.90e-04
  [8:1100/1131]  loss=0.60699  grad=0.277  lr=9.89e-04
Epoch 8 — train loss: 0.45977  (36.7s)
Epoch 8 — val   loss: 0.51514
  [9:50/1131]  loss=0.50028  grad=0.316  lr=9.89e-04
  [9:100/1131]  loss=0.38747  grad=0.286  lr=9.88e-04
  [9:150/1131]  loss=0.35170  grad=0.279  lr=9.88e-04
  [9:200/1131]  loss=0.38395  grad=0.343  lr=9.88e-04
  [9:250/1131]  loss=0.36532  grad=0.271  lr=9.87e-04
  [9:300/1131]  loss=0.52336  grad=0.315  lr=9.87e-04
  [9:350/1131]  loss=0.34273  grad=0.229  lr=9.87e-04
  [9:400/1131]  loss=0.43866  grad=0.313  lr=9.86e-04
  [9:450/1131]  loss=0.43102  grad=0.318  lr=9.86e-04
  [9:500/1131]  loss=0.65620  grad=0.519  lr=9.86e-04
  [9:550/1131]  loss=0.39032  grad=0.362  lr=9.85e-04
  [9:600/1131]  loss=0.36557  grad=0.228  lr=9.85e-04
  [9:650/1131]  loss=0.39442  grad=0.213  lr=9.85e-04
  [9:700/1131]  loss=0.40576  grad=0.290  lr=9.84e-04
  [9:750/1131]  loss=0.39625  grad=0.384  lr=9.84e-04
  [9:800/1131]  loss=0.80998  grad=0.293  lr=9.83e-04
  [9:850/1131]  loss=0.37480  grad=0.399  lr=9.83e-04
  [9:900/1131]  loss=0.44071  grad=0.448  lr=9.83e-04
  [9:950/1131]  loss=0.40512  grad=0.292  lr=9.82e-04
  [9:1000/1131]  loss=0.35351  grad=0.552  lr=9.82e-04
  [9:1050/1131]  loss=0.69910  grad=0.330  lr=9.81e-04
  [9:1100/1131]  loss=0.33576  grad=0.303  lr=9.81e-04
Epoch 9 — train loss: 0.45289  (36.6s)
Epoch 9 — val   loss: 0.52285
  [10:50/1131]  loss=0.39370  grad=0.319  lr=9.80e-04
  [10:100/1131]  loss=0.36575  grad=0.385  lr=9.80e-04
  [10:150/1131]  loss=0.60792  grad=0.286  lr=9.79e-04
  [10:200/1131]  loss=0.36805  grad=0.213  lr=9.79e-04
  [10:250/1131]  loss=0.30838  grad=0.183  lr=9.78e-04
  [10:300/1131]  loss=0.52610  grad=0.283  lr=9.78e-04
  [10:350/1131]  loss=0.36310  grad=0.484  lr=9.78e-04
  [10:400/1131]  loss=0.37339  grad=0.244  lr=9.77e-04
  [10:450/1131]  loss=0.33704  grad=0.480  lr=9.77e-04
  [10:500/1131]  loss=0.40160  grad=0.340  lr=9.76e-04
  [10:550/1131]  loss=0.44432  grad=0.242  lr=9.76e-04
  [10:600/1131]  loss=0.39923  grad=0.379  lr=9.75e-04
  [10:650/1131]  loss=0.62254  grad=0.454  lr=9.75e-04
  [10:700/1131]  loss=0.42935  grad=0.283  lr=9.74e-04
  [10:750/1131]  loss=0.38179  grad=0.275  lr=9.74e-04
  [10:800/1131]  loss=0.36286  grad=0.158  lr=9.73e-04
  [10:850/1131]  loss=0.56088  grad=0.314  lr=9.73e-04
  [10:900/1131]  loss=0.36254  grad=0.271  lr=9.72e-04
  [10:950/1131]  loss=0.51168  grad=0.204  lr=9.72e-04
  [10:1000/1131]  loss=0.35232  grad=0.281  lr=9.71e-04
  [10:1050/1131]  loss=0.58654  grad=0.297  lr=9.71e-04
  [10:1100/1131]  loss=0.44246  grad=0.496  lr=9.70e-04
Epoch 10 — train loss: 0.44556  (36.6s)
Epoch 10 — val   loss: 0.52984
  [11:50/1131]  loss=0.40117  grad=0.244  lr=9.69e-04
  [11:100/1131]  loss=0.40747  grad=0.332  lr=9.69e-04
  [11:150/1131]  loss=0.49568  grad=0.438  lr=9.68e-04
  [11:200/1131]  loss=0.40424  grad=0.463  lr=9.68e-04
  [11:250/1131]  loss=0.38685  grad=0.234  lr=9.67e-04
  [11:300/1131]  loss=0.53045  grad=0.267  lr=9.67e-04
  [11:350/1131]  loss=0.38417  grad=0.335  lr=9.66e-04
  [11:400/1131]  loss=0.44841  grad=0.363  lr=9.65e-04
  [11:450/1131]  loss=0.55392  grad=0.216  lr=9.65e-04
  [11:500/1131]  loss=0.42988  grad=0.318  lr=9.64e-04
  [11:550/1131]  loss=0.62835  grad=0.349  lr=9.64e-04
  [11:600/1131]  loss=0.51135  grad=0.293  lr=9.63e-04
  [11:650/1131]  loss=0.35102  grad=0.424  lr=9.63e-04
  [11:700/1131]  loss=0.46195  grad=0.191  lr=9.62e-04
  [11:750/1131]  loss=0.68192  grad=0.281  lr=9.61e-04
  [11:800/1131]  loss=0.33421  grad=0.372  lr=9.61e-04
  [11:850/1131]  loss=0.56462  grad=0.244  lr=9.60e-04
  [11:900/1131]  loss=0.41759  grad=0.466  lr=9.60e-04
  [11:950/1131]  loss=0.33987  grad=0.240  lr=9.59e-04
  [11:1000/1131]  loss=0.34834  grad=0.312  lr=9.58e-04
  [11:1050/1131]  loss=0.33700  grad=0.420  lr=9.58e-04
  [11:1100/1131]  loss=0.72791  grad=0.348  lr=9.57e-04
Epoch 11 — train loss: 0.44005  (36.6s)
Epoch 11 — val   loss: 0.53109
  [12:50/1131]  loss=0.39210  grad=0.361  lr=9.56e-04
  [12:100/1131]  loss=0.64268  grad=0.314  lr=9.56e-04
  [12:150/1131]  loss=0.42655  grad=0.272  lr=9.55e-04
  [12:200/1131]  loss=0.51729  grad=0.175  lr=9.54e-04
  [12:250/1131]  loss=0.39193  grad=0.299  lr=9.54e-04
  [12:300/1131]  loss=0.40493  grad=0.344  lr=9.53e-04
  [12:350/1131]  loss=0.51763  grad=0.194  lr=9.52e-04
  [12:400/1131]  loss=0.31561  grad=0.152  lr=9.52e-04
  [12:450/1131]  loss=0.36555  grad=0.270  lr=9.51e-04
  [12:500/1131]  loss=0.35804  grad=0.360  lr=9.50e-04
  [12:550/1131]  loss=0.45510  grad=0.291  lr=9.50e-04
  [12:600/1131]  loss=0.74677  grad=0.254  lr=9.49e-04
  [12:650/1131]  loss=0.37324  grad=0.207  lr=9.48e-04
  [12:700/1131]  loss=0.49408  grad=0.297  lr=9.48e-04
  [12:750/1131]  loss=0.55392  grad=0.303  lr=9.47e-04
  [12:800/1131]  loss=0.35815  grad=0.267  lr=9.46e-04
  [12:850/1131]  loss=0.38249  grad=0.214  lr=9.45e-04
  [12:900/1131]  loss=0.38334  grad=0.259  lr=9.45e-04
  [12:950/1131]  loss=0.54761  grad=0.230  lr=9.44e-04
  [12:1000/1131]  loss=0.63745  grad=0.446  lr=9.43e-04
  [12:1050/1131]  loss=0.42178  grad=0.247  lr=9.43e-04
  [12:1100/1131]  loss=0.38336  grad=0.313  lr=9.42e-04
Epoch 12 — train loss: 0.43419  (36.7s)
Epoch 12 — val   loss: 0.53285
  [13:50/1131]  loss=0.33609  grad=0.270  lr=9.41e-04
  [13:100/1131]  loss=0.45409  grad=0.236  lr=9.40e-04
  [13:150/1131]  loss=0.57203  grad=0.295  lr=9.39e-04
  [13:200/1131]  loss=0.37637  grad=0.214  lr=9.39e-04
  [13:250/1131]  loss=0.64398  grad=0.312  lr=9.38e-04
  [13:300/1131]  loss=0.36190  grad=0.259  lr=9.37e-04
  [13:350/1131]  loss=0.33367  grad=0.272  lr=9.36e-04
  [13:400/1131]  loss=0.37019  grad=0.259  lr=9.36e-04
  [13:450/1131]  loss=0.35041  grad=0.230  lr=9.35e-04
  [13:500/1131]  loss=0.73116  grad=0.265  lr=9.34e-04
  [13:550/1131]  loss=0.38304  grad=0.235  lr=9.33e-04
  [13:600/1131]  loss=0.72528  grad=0.198  lr=9.32e-04
  [13:650/1131]  loss=0.42893  grad=0.351  lr=9.32e-04
  [13:700/1131]  loss=0.34939  grad=0.273  lr=9.31e-04
  [13:750/1131]  loss=0.54565  grad=0.320  lr=9.30e-04
  [13:800/1131]  loss=0.36646  grad=0.312  lr=9.29e-04
  [13:850/1131]  loss=0.54905  grad=0.221  lr=9.29e-04
  [13:900/1131]  loss=0.77895  grad=0.229  lr=9.28e-04
  [13:950/1131]  loss=0.35283  grad=0.199  lr=9.27e-04
  [13:1000/1131]  loss=0.53953  grad=0.235  lr=9.26e-04
  [13:1050/1131]  loss=0.36319  grad=0.247  lr=9.25e-04
  [13:1100/1131]  loss=0.52137  grad=0.221  lr=9.25e-04
Epoch 13 — train loss: 0.42943  (36.7s)
Epoch 13 — val   loss: 0.54164
  [14:50/1131]  loss=0.36388  grad=0.372  lr=9.23e-04
  [14:100/1131]  loss=0.50300  grad=0.329  lr=9.22e-04
  [14:150/1131]  loss=0.29973  grad=0.206  lr=9.22e-04
  [14:200/1131]  loss=0.34990  grad=0.231  lr=9.21e-04
  [14:250/1131]  loss=0.34069  grad=0.247  lr=9.20e-04
  [14:300/1131]  loss=0.44938  grad=0.341  lr=9.19e-04
  [14:350/1131]  loss=0.33540  grad=0.344  lr=9.18e-04
  [14:400/1131]  loss=0.38048  grad=0.233  lr=9.17e-04
  [14:450/1131]  loss=0.38520  grad=0.218  lr=9.17e-04
  [14:500/1131]  loss=0.32525  grad=0.278  lr=9.16e-04
  [14:550/1131]  loss=0.38320  grad=0.236  lr=9.15e-04
  [14:600/1131]  loss=0.55867  grad=0.364  lr=9.14e-04
  [14:650/1131]  loss=0.35077  grad=0.271  lr=9.13e-04
  [14:700/1131]  loss=0.35228  grad=0.233  lr=9.12e-04
  [14:750/1131]  loss=0.33454  grad=0.196  lr=9.11e-04
  [14:800/1131]  loss=0.34125  grad=0.158  lr=9.10e-04
  [14:850/1131]  loss=0.41917  grad=0.300  lr=9.10e-04
  [14:900/1131]  loss=0.41345  grad=0.321  lr=9.09e-04
  [14:950/1131]  loss=0.35075  grad=0.228  lr=9.08e-04
  [14:1000/1131]  loss=0.41611  grad=0.295  lr=9.07e-04
  [14:1050/1131]  loss=0.33722  grad=0.230  lr=9.06e-04
  [14:1100/1131]  loss=0.30921  grad=0.256  lr=9.05e-04
Epoch 14 — train loss: 0.42474  (36.7s)
Epoch 14 — val   loss: 0.53624
  [15:50/1131]  loss=0.34287  grad=0.192  lr=9.04e-04
  [15:100/1131]  loss=0.41083  grad=0.281  lr=9.03e-04
  [15:150/1131]  loss=0.37002  grad=0.330  lr=9.02e-04
  [15:200/1131]  loss=0.38894  grad=0.221  lr=9.01e-04
  [15:250/1131]  loss=0.35418  grad=0.234  lr=9.00e-04
  [15:300/1131]  loss=0.40256  grad=0.192  lr=8.99e-04
  [15:350/1131]  loss=0.31357  grad=0.227  lr=8.98e-04
  [15:400/1131]  loss=0.35441  grad=0.265  lr=8.97e-04
  [15:450/1131]  loss=0.32156  grad=0.303  lr=8.96e-04
  [15:500/1131]  loss=0.50282  grad=0.292  lr=8.95e-04
  [15:550/1131]  loss=0.34027  grad=0.290  lr=8.94e-04
  [15:600/1131]  loss=0.33518  grad=0.189  lr=8.93e-04
  [15:650/1131]  loss=0.40510  grad=0.212  lr=8.92e-04
  [15:700/1131]  loss=0.36136  grad=0.239  lr=8.91e-04
  [15:750/1131]  loss=0.38048  grad=0.280  lr=8.90e-04
  [15:800/1131]  loss=0.36427  grad=0.300  lr=8.90e-04
  [15:850/1131]  loss=0.32408  grad=0.271  lr=8.89e-04
  [15:900/1131]  loss=0.39018  grad=0.402  lr=8.88e-04
  [15:950/1131]  loss=0.33540  grad=0.220  lr=8.87e-04
  [15:1000/1131]  loss=0.37339  grad=0.272  lr=8.86e-04
  [15:1050/1131]  loss=0.36214  grad=0.180  lr=8.85e-04
  [15:1100/1131]  loss=0.44577  grad=0.198  lr=8.84e-04
Epoch 15 — train loss: 0.42069  (36.7s)
Epoch 15 — val   loss: 0.53405
  [16:50/1131]  loss=0.32557  grad=0.254  lr=8.82e-04
  [16:100/1131]  loss=0.36680  grad=0.305  lr=8.81e-04
  [16:150/1131]  loss=0.31922  grad=0.253  lr=8.80e-04
  [16:200/1131]  loss=0.32354  grad=0.182  lr=8.79e-04
  [16:250/1131]  loss=0.39086  grad=0.264  lr=8.78e-04
  [16:300/1131]  loss=0.70788  grad=0.190  lr=8.77e-04
  [16:350/1131]  loss=0.38713  grad=0.251  lr=8.76e-04
  [16:400/1131]  loss=0.32269  grad=0.215  lr=8.75e-04
  [16:450/1131]  loss=0.31758  grad=0.260  lr=8.74e-04
  [16:500/1131]  loss=0.54488  grad=0.206  lr=8.73e-04
  [16:550/1131]  loss=0.30718  grad=0.246  lr=8.72e-04
  [16:600/1131]  loss=0.55148  grad=0.236  lr=8.71e-04
  [16:650/1131]  loss=0.61301  grad=0.176  lr=8.70e-04
  [16:700/1131]  loss=0.41793  grad=0.310  lr=8.69e-04
  [16:750/1131]  loss=0.43427  grad=0.347  lr=8.68e-04
  [16:800/1131]  loss=0.34840  grad=0.171  lr=8.67e-04
  [16:850/1131]  loss=0.33748  grad=0.265  lr=8.66e-04
  [16:900/1131]  loss=0.43145  grad=0.243  lr=8.65e-04
  [16:950/1131]  loss=0.37404  grad=0.188  lr=8.64e-04
  [16:1000/1131]  loss=0.60798  grad=0.258  lr=8.62e-04
  [16:1050/1131]  loss=0.31906  grad=0.257  lr=8.61e-04
  [16:1100/1131]  loss=0.32018  grad=0.157  lr=8.60e-04
Epoch 16 — train loss: 0.41744  (36.7s)
Epoch 16 — val   loss: 0.54535
  [17:50/1131]  loss=0.36452  grad=0.270  lr=8.59e-04
  [17:100/1131]  loss=0.31622  grad=0.255  lr=8.58e-04
  [17:150/1131]  loss=0.51824  grad=0.265  lr=8.56e-04
  [17:200/1131]  loss=0.52187  grad=0.434  lr=8.55e-04
  [17:250/1131]  loss=0.40737  grad=0.369  lr=8.54e-04
  [17:300/1131]  loss=0.31734  grad=0.273  lr=8.53e-04
  [17:350/1131]  loss=0.36965  grad=0.260  lr=8.52e-04
  [17:400/1131]  loss=0.50325  grad=0.193  lr=8.51e-04
  [17:450/1131]  loss=0.47896  grad=0.182  lr=8.50e-04
  [17:500/1131]  loss=0.40712  grad=0.355  lr=8.49e-04
  [17:550/1131]  loss=0.36017  grad=0.235  lr=8.48e-04
  [17:600/1131]  loss=0.50923  grad=0.224  lr=8.47e-04
  [17:650/1131]  loss=0.44099  grad=0.226  lr=8.45e-04
  [17:700/1131]  loss=0.36572  grad=0.210  lr=8.44e-04
  [17:750/1131]  loss=0.55179  grad=0.168  lr=8.43e-04
  [17:800/1131]  loss=0.55011  grad=0.311  lr=8.42e-04
  [17:850/1131]  loss=0.72676  grad=0.201  lr=8.41e-04
  [17:900/1131]  loss=0.35059  grad=0.208  lr=8.40e-04
  [17:950/1131]  loss=0.30904  grad=0.250  lr=8.39e-04
  [17:1000/1131]  loss=0.38321  grad=0.213  lr=8.38e-04
  [17:1050/1131]  loss=0.48243  grad=0.327  lr=8.36e-04
  [17:1100/1131]  loss=0.45320  grad=0.281  lr=8.35e-04
Epoch 17 — train loss: 0.41398  (36.6s)
Epoch 17 — val   loss: 0.53765
  [18:50/1131]  loss=0.34471  grad=0.247  lr=8.33e-04
  [18:100/1131]  loss=0.48586  grad=0.175  lr=8.32e-04
  [18:150/1131]  loss=0.40476  grad=0.242  lr=8.31e-04
  [18:200/1131]  loss=0.33791  grad=0.217  lr=8.30e-04
  [18:250/1131]  loss=0.30343  grad=0.232  lr=8.29e-04
  [18:300/1131]  loss=0.43833  grad=0.232  lr=8.28e-04
  [18:350/1131]  loss=0.35148  grad=0.347  lr=8.26e-04
  [18:400/1131]  loss=0.35954  grad=0.197  lr=8.25e-04
  [18:450/1131]  loss=0.29386  grad=0.302  lr=8.24e-04
  [18:500/1131]  loss=0.37858  grad=0.376  lr=8.23e-04
  [18:550/1131]  loss=0.34179  grad=0.217  lr=8.22e-04
  [18:600/1131]  loss=0.54595  grad=0.205  lr=8.21e-04
  [18:650/1131]  loss=0.32110  grad=0.158  lr=8.19e-04
  [18:700/1131]  loss=0.28127  grad=0.315  lr=8.18e-04
  [18:750/1131]  loss=0.34489  grad=0.341  lr=8.17e-04
  [18:800/1131]  loss=0.34173  grad=0.201  lr=8.16e-04
  [18:850/1131]  loss=0.34053  grad=0.293  lr=8.15e-04
  [18:900/1131]  loss=0.38936  grad=0.243  lr=8.13e-04
  [18:950/1131]  loss=0.35395  grad=0.241  lr=8.12e-04
  [18:1000/1131]  loss=0.32023  grad=0.426  lr=8.11e-04
  [18:1050/1131]  loss=0.33441  grad=0.242  lr=8.10e-04
  [18:1100/1131]  loss=0.40454  grad=0.277  lr=8.09e-04
Epoch 18 — train loss: 0.41122  (36.7s)
Epoch 18 — val   loss: 0.54666
  [19:50/1131]  loss=0.55918  grad=0.214  lr=8.07e-04
  [19:100/1131]  loss=0.31605  grad=0.346  lr=8.05e-04
  [19:150/1131]  loss=0.39384  grad=0.296  lr=8.04e-04
  [19:200/1131]  loss=0.34560  grad=0.293  lr=8.03e-04
  [19:250/1131]  loss=0.32819  grad=0.207  lr=8.02e-04
  [19:300/1131]  loss=0.37005  grad=0.233  lr=8.00e-04
  [19:350/1131]  loss=0.31971  grad=0.232  lr=7.99e-04
  [19:400/1131]  loss=0.33995  grad=0.226  lr=7.98e-04
  [19:450/1131]  loss=0.31936  grad=0.228  lr=7.97e-04
  [19:500/1131]  loss=0.74967  grad=0.212  lr=7.96e-04
  [19:550/1131]  loss=0.48041  grad=0.286  lr=7.94e-04
  [19:600/1131]  loss=0.33418  grad=0.185  lr=7.93e-04
  [19:650/1131]  loss=0.42093  grad=0.212  lr=7.92e-04
  [19:700/1131]  loss=0.44287  grad=0.253  lr=7.91e-04
  [19:750/1131]  loss=0.29676  grad=0.178  lr=7.89e-04
  [19:800/1131]  loss=0.31058  grad=0.170  lr=7.88e-04
  [19:850/1131]  loss=0.30637  grad=0.188  lr=7.87e-04
  [19:900/1131]  loss=0.50246  grad=0.282  lr=7.85e-04
  [19:950/1131]  loss=0.56704  grad=0.288  lr=7.84e-04
  [19:1000/1131]  loss=0.54503  grad=0.197  lr=7.83e-04
  [19:1050/1131]  loss=0.37469  grad=0.204  lr=7.82e-04
  [19:1100/1131]  loss=0.59446  grad=0.279  lr=7.80e-04
Epoch 19 — train loss: 0.40848  (36.7s)
Epoch 19 — val   loss: 0.54273
  [20:50/1131]  loss=0.34106  grad=0.208  lr=7.78e-04
  [20:100/1131]  loss=0.32375  grad=0.295  lr=7.77e-04
  [20:150/1131]  loss=0.31338  grad=0.355  lr=7.76e-04
  [20:200/1131]  loss=0.36304  grad=0.237  lr=7.74e-04
  [20:250/1131]  loss=0.38398  grad=0.191  lr=7.73e-04
  [20:300/1131]  loss=0.36437  grad=0.307  lr=7.72e-04
  [20:350/1131]  loss=0.40797  grad=0.216  lr=7.71e-04
  [20:400/1131]  loss=0.53502  grad=0.258  lr=7.69e-04
  [20:450/1131]  loss=0.35888  grad=0.324  lr=7.68e-04
  [20:500/1131]  loss=0.43408  grad=0.253  lr=7.67e-04
  [20:550/1131]  loss=0.31936  grad=0.183  lr=7.65e-04
  [20:600/1131]  loss=0.56361  grad=0.204  lr=7.64e-04
  [20:650/1131]  loss=0.58068  grad=0.289  lr=7.63e-04
  [20:700/1131]  loss=0.54454  grad=0.245  lr=7.61e-04
  [20:750/1131]  loss=0.51188  grad=0.221  lr=7.60e-04
  [20:800/1131]  loss=0.39456  grad=0.254  lr=7.59e-04
  [20:850/1131]  loss=0.49682  grad=0.225  lr=7.57e-04
  [20:900/1131]  loss=0.34685  grad=0.216  lr=7.56e-04
  [20:950/1131]  loss=0.34446  grad=0.239  lr=7.55e-04
  [20:1000/1131]  loss=0.38185  grad=0.256  lr=7.53e-04
  [20:1050/1131]  loss=0.56238  grad=0.197  lr=7.52e-04
  [20:1100/1131]  loss=0.56111  grad=0.323  lr=7.51e-04
Epoch 20 — train loss: 0.40604  (36.7s)
Epoch 20 — val   loss: 0.54532
  [21:50/1131]  loss=0.36278  grad=0.192  lr=7.49e-04
  [21:100/1131]  loss=0.38124  grad=0.193  lr=7.47e-04
  [21:150/1131]  loss=0.34756  grad=0.211  lr=7.46e-04
  [21:200/1131]  loss=0.32324  grad=0.219  lr=7.45e-04
  [21:250/1131]  loss=0.32688  grad=0.223  lr=7.43e-04
  [21:300/1131]  loss=0.33324  grad=0.203  lr=7.42e-04
  [21:350/1131]  loss=0.67985  grad=0.234  lr=7.41e-04
  [21:400/1131]  loss=0.52598  grad=0.295  lr=7.39e-04
  [21:450/1131]  loss=0.30478  grad=0.233  lr=7.38e-04
  [21:500/1131]  loss=0.38078  grad=0.283  lr=7.37e-04
  [21:550/1131]  loss=0.51956  grad=0.267  lr=7.35e-04
  [21:600/1131]  loss=0.34004  grad=0.241  lr=7.34e-04
  [21:650/1131]  loss=0.36739  grad=0.229  lr=7.32e-04
  [21:700/1131]  loss=0.49943  grad=0.266  lr=7.31e-04
  [21:750/1131]  loss=0.29917  grad=0.242  lr=7.30e-04
  [21:800/1131]  loss=0.35670  grad=0.198  lr=7.28e-04
  [21:850/1131]  loss=0.52051  grad=0.231  lr=7.27e-04
  [21:900/1131]  loss=0.35089  grad=0.231  lr=7.26e-04
  [21:950/1131]  loss=0.33816  grad=0.200  lr=7.24e-04
  [21:1000/1131]  loss=0.37227  grad=0.236  lr=7.23e-04
  [21:1050/1131]  loss=0.31336  grad=0.231  lr=7.21e-04
  [21:1100/1131]  loss=0.34880  grad=0.210  lr=7.20e-04
Epoch 21 — train loss: 0.40413  (36.7s)
Epoch 21 — val   loss: 0.54938
  [22:50/1131]  loss=0.42206  grad=0.285  lr=7.18e-04
  [22:100/1131]  loss=0.51259  grad=0.201  lr=7.16e-04
  [22:150/1131]  loss=0.36467  grad=0.197  lr=7.15e-04
  [22:200/1131]  loss=0.60776  grad=0.198  lr=7.14e-04
  [22:250/1131]  loss=0.53820  grad=0.275  lr=7.12e-04
  [22:300/1131]  loss=0.48644  grad=0.233  lr=7.11e-04
  [22:350/1131]  loss=0.35737  grad=0.211  lr=7.09e-04
  [22:400/1131]  loss=0.33684  grad=0.252  lr=7.08e-04
  [22:450/1131]  loss=0.31301  grad=0.189  lr=7.07e-04
  [22:500/1131]  loss=0.31223  grad=0.232  lr=7.05e-04
  [22:550/1131]  loss=0.54270  grad=0.277  lr=7.04e-04
  [22:600/1131]  loss=0.46458  grad=0.279  lr=7.02e-04
  [22:650/1131]  loss=0.73302  grad=0.251  lr=7.01e-04
  [22:700/1131]  loss=0.29433  grad=0.207  lr=7.00e-04
  [22:750/1131]  loss=0.36075  grad=0.363  lr=6.98e-04
  [22:800/1131]  loss=0.35803  grad=0.240  lr=6.97e-04
  [22:850/1131]  loss=0.31188  grad=0.231  lr=6.95e-04
  [22:900/1131]  loss=0.32750  grad=0.169  lr=6.94e-04
  [22:950/1131]  loss=0.36081  grad=0.216  lr=6.92e-04
  [22:1000/1131]  loss=0.41130  grad=0.254  lr=6.91e-04
  [22:1050/1131]  loss=0.33850  grad=0.247  lr=6.90e-04
  [22:1100/1131]  loss=0.31057  grad=0.215  lr=6.88e-04
Epoch 22 — train loss: 0.40166  (36.6s)
Epoch 22 — val   loss: 0.55209
Early stopping at epoch 22

=======================================================
Loading best checkpoint for testing...
Best checkpoint: epoch=7, val_loss=0.50959

Test results:
  H= 336  MSE=0.25326  MAE=0.27420  RMSE=0.50325

Results saved to /gpfs/scratch/an4462/at6646/ne-time-v2/outputs/netime_Weather_medium_perH_CI_CI_H336_results.json
  H= 336  MSE=0.25326  MAE=0.27420

=======================================================
Per-horizon training: H=720
=======================================================
Loaded Weather: shape=(52696, 21)
Split: train=70% / val=10% / test=20%
Train: 35,832 samples (1119 batches)
Val:   4,214 samples (132 batches)
Test:  9,485 samples (297 batches)

Device: cuda
Total parameters: 254,362
  revin                       2
  patch_embed             7,680
  decomposer                  0
  curvatures                  4
  hyp_encoders          125,379
  horizon_enc            25,539
  hyp_decoder            24,961
  temporal_proj          53,904
  out_proj               16,897

Param groups:
  decay         250,368  (wd=0.0001)
  no_decay        3,990  (wd=0)
  curvature           4  (wd=0.001, lr×0.1)

=======================================================
Training: netime_Weather_medium_perH_CI_CI_H720
=======================================================
  [1:50/1119]  loss=0.69695  grad=0.044  lr=8.94e-06
  [1:100/1119]  loss=0.67448  grad=0.092  lr=1.79e-05
  [1:150/1119]  loss=0.80740  grad=0.596  lr=2.68e-05
  [1:200/1119]  loss=0.63264  grad=0.293  lr=3.57e-05
  [1:250/1119]  loss=0.52206  grad=0.582  lr=4.47e-05
  [1:300/1119]  loss=0.60596  grad=0.333  lr=5.36e-05
  [1:350/1119]  loss=0.64247  grad=0.706  lr=6.26e-05
  [1:400/1119]  loss=0.48973  grad=1.023  lr=7.15e-05
  [1:450/1119]  loss=0.46266  grad=0.592  lr=8.04e-05
  [1:500/1119]  loss=0.72553  grad=0.466  lr=8.94e-05
  [1:550/1119]  loss=0.65255  grad=0.654  lr=9.83e-05
  [1:600/1119]  loss=0.46856  grad=0.303  lr=1.07e-04
  [1:650/1119]  loss=0.55058  grad=0.332  lr=1.16e-04
  [1:700/1119]  loss=0.67207  grad=1.230  lr=1.25e-04
  [1:750/1119]  loss=0.49842  grad=0.443  lr=1.34e-04
  [1:800/1119]  loss=0.58720  grad=0.747  lr=1.43e-04
  [1:850/1119]  loss=0.50257  grad=0.529  lr=1.52e-04
  [1:900/1119]  loss=0.65496  grad=0.477  lr=1.61e-04
  [1:950/1119]  loss=0.52569  grad=0.318  lr=1.70e-04
  [1:1000/1119]  loss=0.58609  grad=0.677  lr=1.79e-04
  [1:1050/1119]  loss=0.53981  grad=0.336  lr=1.88e-04
  [1:1100/1119]  loss=0.58725  grad=0.861  lr=1.97e-04
Epoch 1 — train loss: 0.59795  (43.0s)
Epoch 1 — val   loss: 0.63224
  ✓ Saved checkpoint (val_loss=0.63224)
  [2:50/1119]  loss=0.54354  grad=0.332  lr=2.09e-04
  [2:100/1119]  loss=0.66287  grad=0.836  lr=2.18e-04
  [2:150/1119]  loss=0.49059  grad=0.980  lr=2.27e-04
  [2:200/1119]  loss=0.43698  grad=0.323  lr=2.36e-04
  [2:250/1119]  loss=0.54224  grad=1.037  lr=2.45e-04
  [2:300/1119]  loss=0.65124  grad=0.869  lr=2.54e-04
  [2:350/1119]  loss=0.69667  grad=1.136  lr=2.63e-04
  [2:400/1119]  loss=0.59170  grad=0.552  lr=2.71e-04
  [2:450/1119]  loss=0.68237  grad=0.496  lr=2.80e-04
  [2:500/1119]  loss=0.54482  grad=1.019  lr=2.89e-04
  [2:550/1119]  loss=0.52635  grad=1.320  lr=2.98e-04
  [2:600/1119]  loss=0.62667  grad=0.454  lr=3.07e-04
  [2:650/1119]  loss=0.46539  grad=0.406  lr=3.16e-04
  [2:700/1119]  loss=0.49701  grad=0.750  lr=3.25e-04
  [2:750/1119]  loss=0.63053  grad=0.323  lr=3.34e-04
  [2:800/1119]  loss=0.60353  grad=0.790  lr=3.43e-04
  [2:850/1119]  loss=0.49084  grad=0.517  lr=3.52e-04
  [2:900/1119]  loss=0.56180  grad=0.537  lr=3.61e-04
  [2:950/1119]  loss=0.59936  grad=0.437  lr=3.70e-04
  [2:1000/1119]  loss=0.41999  grad=0.410  lr=3.79e-04
  [2:1050/1119]  loss=0.62064  grad=0.394  lr=3.88e-04
  [2:1100/1119]  loss=0.51972  grad=0.475  lr=3.97e-04
Epoch 2 — train loss: 0.55726  (43.0s)
Epoch 2 — val   loss: 0.61669
  ✓ Saved checkpoint (val_loss=0.61669)
  [3:50/1119]  loss=0.62600  grad=1.193  lr=4.09e-04
  [3:100/1119]  loss=0.60240  grad=0.449  lr=4.18e-04
  [3:150/1119]  loss=0.64498  grad=0.541  lr=4.27e-04
  [3:200/1119]  loss=0.60973  grad=0.462  lr=4.36e-04
  [3:250/1119]  loss=0.52134  grad=0.599  lr=4.45e-04
  [3:300/1119]  loss=0.63569  grad=0.431  lr=4.54e-04
  [3:350/1119]  loss=0.52577  grad=0.854  lr=4.63e-04
  [3:400/1119]  loss=0.60540  grad=0.431  lr=4.71e-04
  [3:450/1119]  loss=0.60495  grad=0.434  lr=4.80e-04
  [3:500/1119]  loss=0.68387  grad=0.807  lr=4.89e-04
  [3:550/1119]  loss=0.54996  grad=0.531  lr=4.98e-04
  [3:600/1119]  loss=0.48809  grad=0.379  lr=5.07e-04
  [3:650/1119]  loss=0.58574  grad=0.660  lr=5.16e-04
  [3:700/1119]  loss=0.61542  grad=0.612  lr=5.25e-04
  [3:750/1119]  loss=0.53330  grad=0.592  lr=5.34e-04
  [3:800/1119]  loss=0.69480  grad=0.483  lr=5.43e-04
  [3:850/1119]  loss=0.47039  grad=0.656  lr=5.52e-04
  [3:900/1119]  loss=0.55624  grad=0.275  lr=5.61e-04
  [3:950/1119]  loss=0.59995  grad=0.326  lr=5.70e-04
  [3:1000/1119]  loss=0.59380  grad=0.482  lr=5.79e-04
  [3:1050/1119]  loss=0.58810  grad=0.545  lr=5.88e-04
  [3:1100/1119]  loss=0.49088  grad=0.592  lr=5.97e-04
Epoch 3 — train loss: 0.55075  (43.1s)
Epoch 3 — val   loss: 0.62539
  [4:50/1119]  loss=0.48052  grad=0.609  lr=6.09e-04
  [4:100/1119]  loss=0.60294  grad=0.607  lr=6.18e-04
  [4:150/1119]  loss=0.51479  grad=0.251  lr=6.27e-04
  [4:200/1119]  loss=0.60338  grad=0.470  lr=6.36e-04
  [4:250/1119]  loss=0.49830  grad=0.532  lr=6.45e-04
  [4:300/1119]  loss=0.48840  grad=0.575  lr=6.54e-04
  [4:350/1119]  loss=0.48301  grad=0.374  lr=6.63e-04
  [4:400/1119]  loss=0.47127  grad=0.513  lr=6.71e-04
  [4:450/1119]  loss=0.46174  grad=0.585  lr=6.80e-04
  [4:500/1119]  loss=0.65529  grad=0.850  lr=6.89e-04
  [4:550/1119]  loss=0.49694  grad=0.338  lr=6.98e-04
  [4:600/1119]  loss=0.64284  grad=0.396  lr=7.07e-04
  [4:650/1119]  loss=0.47886  grad=0.288  lr=7.16e-04
  [4:700/1119]  loss=0.44435  grad=0.647  lr=7.25e-04
  [4:750/1119]  loss=0.61713  grad=0.604  lr=7.34e-04
  [4:800/1119]  loss=0.49114  grad=0.457  lr=7.43e-04
  [4:850/1119]  loss=0.49500  grad=0.426  lr=7.52e-04
  [4:900/1119]  loss=0.51547  grad=0.521  lr=7.61e-04
  [4:950/1119]  loss=0.62032  grad=0.493  lr=7.70e-04
  [4:1000/1119]  loss=0.56381  grad=0.332  lr=7.79e-04
  [4:1050/1119]  loss=0.47166  grad=0.440  lr=7.88e-04
  [4:1100/1119]  loss=0.51851  grad=0.905  lr=7.97e-04
Epoch 4 — train loss: 0.54349  (43.0s)
Epoch 4 — val   loss: 0.61748
  [5:50/1119]  loss=0.53359  grad=0.452  lr=8.09e-04
  [5:100/1119]  loss=0.50491  grad=0.600  lr=8.18e-04
  [5:150/1119]  loss=0.62864  grad=0.416  lr=8.27e-04
  [5:200/1119]  loss=0.49776  grad=0.551  lr=8.36e-04
  [5:250/1119]  loss=0.46760  grad=0.717  lr=8.45e-04
  [5:300/1119]  loss=0.58135  grad=0.481  lr=8.54e-04
  [5:350/1119]  loss=0.50453  grad=0.367  lr=8.63e-04
  [5:400/1119]  loss=0.63111  grad=0.658  lr=8.71e-04
  [5:450/1119]  loss=0.61837  grad=0.599  lr=8.80e-04
  [5:500/1119]  loss=0.40559  grad=0.297  lr=8.89e-04
  [5:550/1119]  loss=0.45586  grad=0.478  lr=8.98e-04
  [5:600/1119]  loss=0.47276  grad=0.450  lr=9.07e-04
  [5:650/1119]  loss=0.49716  grad=0.363  lr=9.16e-04
  [5:700/1119]  loss=0.52027  grad=0.351  lr=9.25e-04
  [5:750/1119]  loss=0.59202  grad=0.429  lr=9.34e-04
  [5:800/1119]  loss=0.44097  grad=0.427  lr=9.43e-04
  [5:850/1119]  loss=0.60672  grad=0.304  lr=9.52e-04
  [5:900/1119]  loss=0.46051  grad=1.577  lr=9.61e-04
  [5:950/1119]  loss=0.55370  grad=0.610  lr=9.70e-04
  [5:1000/1119]  loss=0.53850  grad=0.283  lr=9.79e-04
  [5:1050/1119]  loss=0.61950  grad=0.561  lr=9.88e-04
  [5:1100/1119]  loss=0.65305  grad=0.299  lr=9.97e-04
Epoch 5 — train loss: 0.53497  (43.1s)
Epoch 5 — val   loss: 0.60832
  ✓ Saved checkpoint (val_loss=0.60832)
  [6:50/1119]  loss=0.47024  grad=0.392  lr=1.00e-03
  [6:100/1119]  loss=0.45891  grad=0.411  lr=1.00e-03
  [6:150/1119]  loss=0.61293  grad=0.410  lr=1.00e-03
  [6:200/1119]  loss=0.44186  grad=0.448  lr=1.00e-03
  [6:250/1119]  loss=0.51307  grad=0.352  lr=1.00e-03
  [6:300/1119]  loss=0.54666  grad=0.684  lr=1.00e-03
  [6:350/1119]  loss=0.50222  grad=0.281  lr=1.00e-03
  [6:400/1119]  loss=0.54981  grad=0.558  lr=1.00e-03
  [6:450/1119]  loss=0.66698  grad=0.488  lr=1.00e-03
  [6:500/1119]  loss=0.72702  grad=0.280  lr=1.00e-03
  [6:550/1119]  loss=0.54348  grad=0.478  lr=1.00e-03
  [6:600/1119]  loss=0.44226  grad=0.292  lr=1.00e-03
  [6:650/1119]  loss=0.44059  grad=0.319  lr=1.00e-03
  [6:700/1119]  loss=0.69701  grad=0.374  lr=1.00e-03
  [6:750/1119]  loss=0.48076  grad=0.399  lr=9.99e-04
  [6:800/1119]  loss=0.51557  grad=0.959  lr=9.99e-04
  [6:850/1119]  loss=0.46401  grad=0.300  lr=9.99e-04
  [6:900/1119]  loss=0.45981  grad=0.245  lr=9.99e-04
  [6:950/1119]  loss=0.58041  grad=0.413  lr=9.99e-04
  [6:1000/1119]  loss=0.50914  grad=0.373  lr=9.99e-04
  [6:1050/1119]  loss=0.49329  grad=0.318  lr=9.99e-04
  [6:1100/1119]  loss=0.49522  grad=0.391  lr=9.99e-04
Epoch 6 — train loss: 0.52538  (43.0s)
Epoch 6 — val   loss: 0.61481
  [7:50/1119]  loss=0.44239  grad=0.226  lr=9.99e-04
  [7:100/1119]  loss=0.68882  grad=0.323  lr=9.99e-04
  [7:150/1119]  loss=0.45356  grad=0.405  lr=9.98e-04
  [7:200/1119]  loss=0.58141  grad=0.308  lr=9.98e-04
  [7:250/1119]  loss=0.47271  grad=0.420  lr=9.98e-04
  [7:300/1119]  loss=0.50890  grad=0.309  lr=9.98e-04
  [7:350/1119]  loss=0.52253  grad=0.409  lr=9.98e-04
  [7:400/1119]  loss=0.62932  grad=0.483  lr=9.98e-04
  [7:450/1119]  loss=0.63883  grad=0.524  lr=9.98e-04
  [7:500/1119]  loss=0.46579  grad=0.335  lr=9.97e-04
  [7:550/1119]  loss=0.45603  grad=0.357  lr=9.97e-04
  [7:600/1119]  loss=0.51248  grad=0.618  lr=9.97e-04
  [7:650/1119]  loss=0.47386  grad=0.452  lr=9.97e-04
  [7:700/1119]  loss=0.46336  grad=0.406  lr=9.97e-04
  [7:750/1119]  loss=0.51551  grad=0.293  lr=9.97e-04
  [7:800/1119]  loss=0.74536  grad=0.343  lr=9.96e-04
  [7:850/1119]  loss=0.41746  grad=0.389  lr=9.96e-04
  [7:900/1119]  loss=0.62847  grad=0.354  lr=9.96e-04
  [7:950/1119]  loss=0.45020  grad=0.382  lr=9.96e-04
  [7:1000/1119]  loss=0.67999  grad=0.338  lr=9.96e-04
  [7:1050/1119]  loss=0.41517  grad=0.382  lr=9.95e-04
  [7:1100/1119]  loss=0.39804  grad=0.271  lr=9.95e-04
Epoch 7 — train loss: 0.51568  (43.0s)
Epoch 7 — val   loss: 0.62108
  [8:50/1119]  loss=0.56562  grad=0.405  lr=9.95e-04
  [8:100/1119]  loss=0.40804  grad=0.299  lr=9.95e-04
  [8:150/1119]  loss=0.51093  grad=0.253  lr=9.94e-04
  [8:200/1119]  loss=0.49447  grad=0.277  lr=9.94e-04
  [8:250/1119]  loss=0.45272  grad=0.336  lr=9.94e-04
  [8:300/1119]  loss=0.45041  grad=0.363  lr=9.94e-04
  [8:350/1119]  loss=0.43816  grad=0.521  lr=9.93e-04
  [8:400/1119]  loss=0.61825  grad=0.331  lr=9.93e-04
  [8:450/1119]  loss=0.40599  grad=0.357  lr=9.93e-04
  [8:500/1119]  loss=0.43937  grad=0.368  lr=9.93e-04
  [8:550/1119]  loss=0.40718  grad=0.265  lr=9.92e-04
  [8:600/1119]  loss=0.49830  grad=0.300  lr=9.92e-04
  [8:650/1119]  loss=0.46999  grad=0.512  lr=9.92e-04
  [8:700/1119]  loss=0.48311  grad=0.274  lr=9.92e-04
  [8:750/1119]  loss=0.44415  grad=0.385  lr=9.91e-04
  [8:800/1119]  loss=0.55115  grad=0.440  lr=9.91e-04
  [8:850/1119]  loss=0.68754  grad=0.269  lr=9.91e-04
  [8:900/1119]  loss=0.52865  grad=0.302  lr=9.90e-04
  [8:950/1119]  loss=0.41286  grad=0.290  lr=9.90e-04
  [8:1000/1119]  loss=0.47767  grad=0.430  lr=9.90e-04
  [8:1050/1119]  loss=0.43030  grad=0.352  lr=9.90e-04
  [8:1100/1119]  loss=0.46417  grad=0.237  lr=9.89e-04
Epoch 8 — train loss: 0.50493  (43.1s)
Epoch 8 — val   loss: 0.61860
  [9:50/1119]  loss=0.53857  grad=0.258  lr=9.89e-04
  [9:100/1119]  loss=0.55913  grad=0.319  lr=9.88e-04
  [9:150/1119]  loss=0.45341  grad=0.324  lr=9.88e-04
  [9:200/1119]  loss=0.44393  grad=0.349  lr=9.88e-04
  [9:250/1119]  loss=0.56596  grad=0.384  lr=9.87e-04
  [9:300/1119]  loss=0.50415  grad=0.351  lr=9.87e-04
  [9:350/1119]  loss=0.52801  grad=0.386  lr=9.87e-04
  [9:400/1119]  loss=0.55045  grad=0.383  lr=9.86e-04
  [9:450/1119]  loss=0.44943  grad=0.296  lr=9.86e-04
  [9:500/1119]  loss=0.44831  grad=0.288  lr=9.86e-04
  [9:550/1119]  loss=0.43061  grad=0.447  lr=9.85e-04
  [9:600/1119]  loss=0.68325  grad=0.255  lr=9.85e-04
  [9:650/1119]  loss=0.41595  grad=0.259  lr=9.84e-04
  [9:700/1119]  loss=0.53189  grad=0.252  lr=9.84e-04
  [9:750/1119]  loss=0.56743  grad=0.321  lr=9.84e-04
  [9:800/1119]  loss=0.45332  grad=0.346  lr=9.83e-04
  [9:850/1119]  loss=0.43230  grad=0.282  lr=9.83e-04
  [9:900/1119]  loss=0.40237  grad=0.275  lr=9.82e-04
  [9:950/1119]  loss=0.53338  grad=0.382  lr=9.82e-04
  [9:1000/1119]  loss=0.55699  grad=0.436  lr=9.82e-04
  [9:1050/1119]  loss=0.39646  grad=0.263  lr=9.81e-04
  [9:1100/1119]  loss=0.45577  grad=0.517  lr=9.81e-04
Epoch 9 — train loss: 0.49631  (42.9s)
Epoch 9 — val   loss: 0.62323
  [10:50/1119]  loss=0.42602  grad=0.306  lr=9.80e-04
  [10:100/1119]  loss=0.42605  grad=0.342  lr=9.80e-04
  [10:150/1119]  loss=0.44219  grad=0.257  lr=9.79e-04
  [10:200/1119]  loss=0.48464  grad=0.340  lr=9.79e-04
  [10:250/1119]  loss=0.46051  grad=0.286  lr=9.78e-04
  [10:300/1119]  loss=0.52847  grad=0.332  lr=9.78e-04
  [10:350/1119]  loss=0.41279  grad=0.399  lr=9.78e-04
  [10:400/1119]  loss=0.50736  grad=0.306  lr=9.77e-04
  [10:450/1119]  loss=0.51238  grad=0.252  lr=9.77e-04
  [10:500/1119]  loss=0.42560  grad=0.324  lr=9.76e-04
  [10:550/1119]  loss=0.67656  grad=0.446  lr=9.76e-04
  [10:600/1119]  loss=0.55386  grad=0.280  lr=9.75e-04
  [10:650/1119]  loss=0.44694  grad=0.235  lr=9.75e-04
  [10:700/1119]  loss=0.44608  grad=0.297  lr=9.74e-04
  [10:750/1119]  loss=0.52264  grad=0.306  lr=9.74e-04
  [10:800/1119]  loss=0.43431  grad=0.209  lr=9.73e-04
  [10:850/1119]  loss=0.47031  grad=0.250  lr=9.73e-04
  [10:900/1119]  loss=0.35250  grad=0.285  lr=9.72e-04
  [10:950/1119]  loss=0.53367  grad=0.278  lr=9.72e-04
  [10:1000/1119]  loss=0.43956  grad=0.309  lr=9.71e-04
  [10:1050/1119]  loss=0.42940  grad=0.206  lr=9.71e-04
  [10:1100/1119]  loss=0.53463  grad=0.424  lr=9.70e-04
Epoch 10 — train loss: 0.48775  (43.0s)
Epoch 10 — val   loss: 0.62426
  [11:50/1119]  loss=0.45500  grad=0.291  lr=9.69e-04
  [11:100/1119]  loss=0.41668  grad=0.341  lr=9.69e-04
  [11:150/1119]  loss=0.41066  grad=0.364  lr=9.68e-04
  [11:200/1119]  loss=0.40703  grad=0.295  lr=9.68e-04
  [11:250/1119]  loss=0.47097  grad=0.291  lr=9.67e-04
  [11:300/1119]  loss=0.43893  grad=0.339  lr=9.67e-04
  [11:350/1119]  loss=0.42615  grad=0.358  lr=9.66e-04
  [11:400/1119]  loss=0.54876  grad=0.276  lr=9.65e-04
  [11:450/1119]  loss=0.51929  grad=0.365  lr=9.65e-04
  [11:500/1119]  loss=0.52124  grad=0.333  lr=9.64e-04
  [11:550/1119]  loss=0.47143  grad=0.235  lr=9.64e-04
  [11:600/1119]  loss=0.40264  grad=0.267  lr=9.63e-04
  [11:650/1119]  loss=0.39632  grad=0.529  lr=9.63e-04
  [11:700/1119]  loss=0.40565  grad=0.261  lr=9.62e-04
  [11:750/1119]  loss=0.60154  grad=0.265  lr=9.61e-04
  [11:800/1119]  loss=0.35732  grad=0.256  lr=9.61e-04
  [11:850/1119]  loss=0.53425  grad=0.291  lr=9.60e-04
  [11:900/1119]  loss=0.41217  grad=0.381  lr=9.60e-04
  [11:950/1119]  loss=0.42524  grad=0.235  lr=9.59e-04
  [11:1000/1119]  loss=0.43393  grad=0.366  lr=9.58e-04
  [11:1050/1119]  loss=0.48448  grad=0.253  lr=9.58e-04
  [11:1100/1119]  loss=0.41621  grad=0.295  lr=9.57e-04
Epoch 11 — train loss: 0.48110  (43.0s)
Epoch 11 — val   loss: 0.62502
  [12:50/1119]  loss=0.40774  grad=0.227  lr=9.56e-04
  [12:100/1119]  loss=0.50168  grad=0.253  lr=9.55e-04
  [12:150/1119]  loss=0.50413  grad=0.286  lr=9.55e-04
  [12:200/1119]  loss=0.39891  grad=0.340  lr=9.54e-04
  [12:250/1119]  loss=0.54422  grad=0.316  lr=9.54e-04
  [12:300/1119]  loss=0.49081  grad=0.257  lr=9.53e-04
  [12:350/1119]  loss=0.50338  grad=0.199  lr=9.52e-04
  [12:400/1119]  loss=0.47287  grad=0.329  lr=9.52e-04
  [12:450/1119]  loss=0.39120  grad=0.218  lr=9.51e-04
  [12:500/1119]  loss=0.35902  grad=0.374  lr=9.50e-04
  [12:550/1119]  loss=0.48275  grad=0.239  lr=9.50e-04
  [12:600/1119]  loss=0.41996  grad=0.228  lr=9.49e-04
  [12:650/1119]  loss=0.49434  grad=0.326  lr=9.48e-04
  [12:700/1119]  loss=0.41565  grad=0.335  lr=9.47e-04
  [12:750/1119]  loss=0.51407  grad=0.365  lr=9.47e-04
  [12:800/1119]  loss=0.40639  grad=0.246  lr=9.46e-04
  [12:850/1119]  loss=0.37728  grad=0.257  lr=9.45e-04
  [12:900/1119]  loss=0.43085  grad=0.261  lr=9.45e-04
  [12:950/1119]  loss=0.58210  grad=0.219  lr=9.44e-04
  [12:1000/1119]  loss=0.62034  grad=0.284  lr=9.43e-04
  [12:1050/1119]  loss=0.44684  grad=0.250  lr=9.42e-04
  [12:1100/1119]  loss=0.63454  grad=0.194  lr=9.42e-04
Epoch 12 — train loss: 0.47567  (43.1s)
Epoch 12 — val   loss: 0.62322
  [13:50/1119]  loss=0.51019  grad=0.235  lr=9.41e-04
  [13:100/1119]  loss=0.42618  grad=0.274  lr=9.40e-04
  [13:150/1119]  loss=0.47569  grad=0.208  lr=9.39e-04
  [13:200/1119]  loss=0.41518  grad=0.273  lr=9.39e-04
  [13:250/1119]  loss=0.52295  grad=0.277  lr=9.38e-04
  [13:300/1119]  loss=0.50802  grad=0.418  lr=9.37e-04
  [13:350/1119]  loss=0.46758  grad=0.270  lr=9.36e-04
  [13:400/1119]  loss=0.41376  grad=0.254  lr=9.35e-04
  [13:450/1119]  loss=0.47132  grad=0.249  lr=9.35e-04
  [13:500/1119]  loss=0.47796  grad=0.261  lr=9.34e-04
  [13:550/1119]  loss=0.35549  grad=0.273  lr=9.33e-04
  [13:600/1119]  loss=0.43175  grad=0.278  lr=9.32e-04
  [13:650/1119]  loss=0.40713  grad=0.303  lr=9.32e-04
  [13:700/1119]  loss=0.57869  grad=0.254  lr=9.31e-04
  [13:750/1119]  loss=0.46960  grad=0.325  lr=9.30e-04
  [13:800/1119]  loss=0.43305  grad=0.399  lr=9.29e-04
  [13:850/1119]  loss=0.35070  grad=0.324  lr=9.28e-04
  [13:900/1119]  loss=0.59527  grad=0.328  lr=9.28e-04
  [13:950/1119]  loss=0.52785  grad=0.290  lr=9.27e-04
  [13:1000/1119]  loss=0.38082  grad=0.182  lr=9.26e-04
  [13:1050/1119]  loss=0.62630  grad=0.361  lr=9.25e-04
  [13:1100/1119]  loss=0.48119  grad=0.320  lr=9.24e-04
Epoch 13 — train loss: 0.47136  (43.0s)
Epoch 13 — val   loss: 0.63411
  [14:50/1119]  loss=0.54110  grad=0.195  lr=9.23e-04
  [14:100/1119]  loss=0.50828  grad=0.202  lr=9.22e-04
  [14:150/1119]  loss=0.40732  grad=0.212  lr=9.22e-04
  [14:200/1119]  loss=0.52663  grad=0.334  lr=9.21e-04
  [14:250/1119]  loss=0.42647  grad=0.271  lr=9.20e-04
  [14:300/1119]  loss=0.54629  grad=0.286  lr=9.19e-04
  [14:350/1119]  loss=0.45596  grad=0.232  lr=9.18e-04
  [14:400/1119]  loss=0.58180  grad=0.212  lr=9.17e-04
  [14:450/1119]  loss=0.47885  grad=0.244  lr=9.16e-04
  [14:500/1119]  loss=0.40976  grad=0.214  lr=9.16e-04
  [14:550/1119]  loss=0.50654  grad=0.168  lr=9.15e-04
  [14:600/1119]  loss=0.37000  grad=0.214  lr=9.14e-04
  [14:650/1119]  loss=0.50540  grad=0.229  lr=9.13e-04
  [14:700/1119]  loss=0.57969  grad=0.235  lr=9.12e-04
  [14:750/1119]  loss=0.43159  grad=0.330  lr=9.11e-04
  [14:800/1119]  loss=0.39954  grad=0.238  lr=9.10e-04
  [14:850/1119]  loss=0.68509  grad=0.248  lr=9.09e-04
  [14:900/1119]  loss=0.43578  grad=0.367  lr=9.08e-04
  [14:950/1119]  loss=0.43238  grad=0.286  lr=9.08e-04
  [14:1000/1119]  loss=0.49735  grad=0.225  lr=9.07e-04
  [14:1050/1119]  loss=0.44745  grad=0.378  lr=9.06e-04
  [14:1100/1119]  loss=0.43831  grad=0.298  lr=9.05e-04
Epoch 14 — train loss: 0.46704  (43.1s)
Epoch 14 — val   loss: 0.63241
  [15:50/1119]  loss=0.39902  grad=0.208  lr=9.04e-04
  [15:100/1119]  loss=0.38177  grad=0.170  lr=9.03e-04
  [15:150/1119]  loss=0.40547  grad=0.236  lr=9.02e-04
  [15:200/1119]  loss=0.49666  grad=0.197  lr=9.01e-04
  [15:250/1119]  loss=0.43023  grad=0.328  lr=9.00e-04
  [15:300/1119]  loss=0.49507  grad=0.246  lr=8.99e-04
  [15:350/1119]  loss=0.43553  grad=0.311  lr=8.98e-04
  [15:400/1119]  loss=0.58316  grad=0.220  lr=8.97e-04
  [15:450/1119]  loss=0.39676  grad=0.207  lr=8.96e-04
  [15:500/1119]  loss=0.45274  grad=0.325  lr=8.95e-04
  [15:550/1119]  loss=0.39239  grad=0.242  lr=8.94e-04
  [15:600/1119]  loss=0.51388  grad=0.266  lr=8.93e-04
  [15:650/1119]  loss=0.46643  grad=0.319  lr=8.92e-04
  [15:700/1119]  loss=0.46693  grad=0.205  lr=8.91e-04
  [15:750/1119]  loss=0.46148  grad=0.235  lr=8.90e-04
  [15:800/1119]  loss=0.48251  grad=0.189  lr=8.89e-04
  [15:850/1119]  loss=0.57220  grad=0.265  lr=8.88e-04
  [15:900/1119]  loss=0.50669  grad=0.237  lr=8.87e-04
  [15:950/1119]  loss=0.40259  grad=0.272  lr=8.86e-04
  [15:1000/1119]  loss=0.47886  grad=0.276  lr=8.85e-04
  [15:1050/1119]  loss=0.50270  grad=0.256  lr=8.84e-04
  [15:1100/1119]  loss=0.39323  grad=0.327  lr=8.83e-04
Epoch 15 — train loss: 0.46330  (43.1s)
Epoch 15 — val   loss: 0.64326
  [16:50/1119]  loss=0.51917  grad=0.338  lr=8.82e-04
  [16:100/1119]  loss=0.41408  grad=0.242  lr=8.81e-04
  [16:150/1119]  loss=0.37022  grad=0.312  lr=8.80e-04
  [16:200/1119]  loss=0.65309  grad=0.364  lr=8.79e-04
  [16:250/1119]  loss=0.45166  grad=0.216  lr=8.78e-04
  [16:300/1119]  loss=0.42725  grad=0.234  lr=8.77e-04
  [16:350/1119]  loss=0.47728  grad=0.340  lr=8.76e-04
  [16:400/1119]  loss=0.37909  grad=0.256  lr=8.75e-04
  [16:450/1119]  loss=0.49239  grad=0.259  lr=8.74e-04
  [16:500/1119]  loss=0.43719  grad=0.277  lr=8.73e-04
  [16:550/1119]  loss=0.44121  grad=0.290  lr=8.72e-04
  [16:600/1119]  loss=0.39879  grad=0.214  lr=8.71e-04
  [16:650/1119]  loss=0.49337  grad=0.209  lr=8.70e-04
  [16:700/1119]  loss=0.57008  grad=0.257  lr=8.69e-04
  [16:750/1119]  loss=0.50265  grad=0.223  lr=8.68e-04
  [16:800/1119]  loss=0.41230  grad=0.256  lr=8.67e-04
  [16:850/1119]  loss=0.42945  grad=0.410  lr=8.65e-04
  [16:900/1119]  loss=0.66716  grad=0.399  lr=8.64e-04
  [16:950/1119]  loss=0.42772  grad=0.318  lr=8.63e-04
  [16:1000/1119]  loss=0.58990  grad=0.266  lr=8.62e-04
  [16:1050/1119]  loss=0.52047  grad=0.222  lr=8.61e-04
  [16:1100/1119]  loss=0.41717  grad=0.274  lr=8.60e-04
Epoch 16 — train loss: 0.46040  (43.0s)
Epoch 16 — val   loss: 0.63949
  [17:50/1119]  loss=0.37355  grad=0.284  lr=8.59e-04
  [17:100/1119]  loss=0.49103  grad=0.211  lr=8.57e-04
  [17:150/1119]  loss=0.41915  grad=0.335  lr=8.56e-04
  [17:200/1119]  loss=0.52564  grad=0.189  lr=8.55e-04
  [17:250/1119]  loss=0.42688  grad=0.239  lr=8.54e-04
  [17:300/1119]  loss=0.57053  grad=0.222  lr=8.53e-04
  [17:350/1119]  loss=0.49567  grad=0.260  lr=8.52e-04
  [17:400/1119]  loss=0.42768  grad=0.236  lr=8.51e-04
  [17:450/1119]  loss=0.54907  grad=0.268  lr=8.50e-04
  [17:500/1119]  loss=0.57023  grad=0.258  lr=8.49e-04
  [17:550/1119]  loss=0.46806  grad=0.264  lr=8.48e-04
  [17:600/1119]  loss=0.51332  grad=0.245  lr=8.46e-04
  [17:650/1119]  loss=0.57374  grad=0.224  lr=8.45e-04
  [17:700/1119]  loss=0.47900  grad=0.282  lr=8.44e-04
  [17:750/1119]  loss=0.52254  grad=0.270  lr=8.43e-04
  [17:800/1119]  loss=0.34212  grad=0.271  lr=8.42e-04
  [17:850/1119]  loss=0.51548  grad=0.230  lr=8.41e-04
  [17:900/1119]  loss=0.42332  grad=0.230  lr=8.40e-04
  [17:950/1119]  loss=0.48989  grad=0.254  lr=8.38e-04
  [17:1000/1119]  loss=0.34958  grad=0.191  lr=8.37e-04
  [17:1050/1119]  loss=0.50477  grad=0.403  lr=8.36e-04
  [17:1100/1119]  loss=0.39365  grad=0.343  lr=8.35e-04
Epoch 17 — train loss: 0.45784  (43.1s)
Epoch 17 — val   loss: 0.63564
  [18:50/1119]  loss=0.41297  grad=0.281  lr=8.33e-04
  [18:100/1119]  loss=0.45691  grad=0.215  lr=8.32e-04
  [18:150/1119]  loss=0.37891  grad=0.263  lr=8.31e-04
  [18:200/1119]  loss=0.39709  grad=0.314  lr=8.30e-04
  [18:250/1119]  loss=0.43232  grad=0.283  lr=8.29e-04
  [18:300/1119]  loss=0.46002  grad=0.276  lr=8.28e-04
  [18:350/1119]  loss=0.38181  grad=0.253  lr=8.26e-04
  [18:400/1119]  loss=0.39886  grad=0.272  lr=8.25e-04
  [18:450/1119]  loss=0.45214  grad=0.265  lr=8.24e-04
  [18:500/1119]  loss=0.33979  grad=0.258  lr=8.23e-04
  [18:550/1119]  loss=0.50438  grad=0.230  lr=8.22e-04
  [18:600/1119]  loss=0.43900  grad=0.290  lr=8.20e-04
  [18:650/1119]  loss=0.41656  grad=0.266  lr=8.19e-04
  [18:700/1119]  loss=0.39625  grad=0.185  lr=8.18e-04
  [18:750/1119]  loss=0.52554  grad=0.199  lr=8.17e-04
  [18:800/1119]  loss=0.37265  grad=0.258  lr=8.16e-04
  [18:850/1119]  loss=0.58573  grad=0.237  lr=8.14e-04
  [18:900/1119]  loss=0.46793  grad=0.243  lr=8.13e-04
  [18:950/1119]  loss=0.44443  grad=0.276  lr=8.12e-04
  [18:1000/1119]  loss=0.41216  grad=0.214  lr=8.11e-04
  [18:1050/1119]  loss=0.36336  grad=0.232  lr=8.10e-04
  [18:1100/1119]  loss=0.61565  grad=0.178  lr=8.08e-04
Epoch 18 — train loss: 0.45530  (43.1s)
Epoch 18 — val   loss: 0.64878
  [19:50/1119]  loss=0.49002  grad=0.306  lr=8.07e-04
  [19:100/1119]  loss=0.44130  grad=0.279  lr=8.05e-04
  [19:150/1119]  loss=0.42422  grad=0.249  lr=8.04e-04
  [19:200/1119]  loss=0.51091  grad=0.284  lr=8.03e-04
  [19:250/1119]  loss=0.47166  grad=0.229  lr=8.02e-04
  [19:300/1119]  loss=0.37581  grad=0.305  lr=8.00e-04
  [19:350/1119]  loss=0.44078  grad=0.214  lr=7.99e-04
  [19:400/1119]  loss=0.37632  grad=0.305  lr=7.98e-04
  [19:450/1119]  loss=0.37752  grad=0.218  lr=7.97e-04
  [19:500/1119]  loss=0.47765  grad=0.309  lr=7.95e-04
  [19:550/1119]  loss=0.65097  grad=0.243  lr=7.94e-04
  [19:600/1119]  loss=0.40627  grad=0.308  lr=7.93e-04
  [19:650/1119]  loss=0.37940  grad=0.245  lr=7.92e-04
  [19:700/1119]  loss=0.39161  grad=0.186  lr=7.90e-04
  [19:750/1119]  loss=0.39924  grad=0.200  lr=7.89e-04
  [19:800/1119]  loss=0.57310  grad=0.346  lr=7.88e-04
  [19:850/1119]  loss=0.48370  grad=0.253  lr=7.87e-04
  [19:900/1119]  loss=0.47060  grad=0.236  lr=7.85e-04
  [19:950/1119]  loss=0.54910  grad=0.210  lr=7.84e-04
  [19:1000/1119]  loss=0.45713  grad=0.215  lr=7.83e-04
  [19:1050/1119]  loss=0.42580  grad=0.310  lr=7.81e-04
  [19:1100/1119]  loss=0.48151  grad=0.230  lr=7.80e-04
Epoch 19 — train loss: 0.45317  (43.1s)
Epoch 19 — val   loss: 0.64376
  [20:50/1119]  loss=0.36414  grad=0.246  lr=7.78e-04
  [20:100/1119]  loss=0.41273  grad=0.251  lr=7.77e-04
  [20:150/1119]  loss=0.38306  grad=0.235  lr=7.76e-04
  [20:200/1119]  loss=0.45967  grad=0.295  lr=7.74e-04
  [20:250/1119]  loss=0.47944  grad=0.287  lr=7.73e-04
  [20:300/1119]  loss=0.40171  grad=0.218  lr=7.72e-04
  [20:350/1119]  loss=0.68643  grad=0.229  lr=7.70e-04
  [20:400/1119]  loss=0.56779  grad=0.195  lr=7.69e-04
  [20:450/1119]  loss=0.65691  grad=0.227  lr=7.68e-04
  [20:500/1119]  loss=0.46077  grad=0.273  lr=7.67e-04
  [20:550/1119]  loss=0.49772  grad=0.292  lr=7.65e-04
  [20:600/1119]  loss=0.41885  grad=0.260  lr=7.64e-04
  [20:650/1119]  loss=0.46238  grad=0.192  lr=7.63e-04
  [20:700/1119]  loss=0.43587  grad=0.280  lr=7.61e-04
  [20:750/1119]  loss=0.38155  grad=0.427  lr=7.60e-04
  [20:800/1119]  loss=0.43438  grad=0.301  lr=7.59e-04
  [20:850/1119]  loss=0.46753  grad=0.222  lr=7.57e-04
  [20:900/1119]  loss=0.51455  grad=0.272  lr=7.56e-04
  [20:950/1119]  loss=0.54850  grad=0.287  lr=7.55e-04
  [20:1000/1119]  loss=0.48999  grad=0.183  lr=7.53e-04
  [20:1050/1119]  loss=0.45067  grad=0.236  lr=7.52e-04
  [20:1100/1119]  loss=0.34213  grad=0.212  lr=7.51e-04
Epoch 20 — train loss: 0.45107  (43.1s)
Epoch 20 — val   loss: 0.65823
Early stopping at epoch 20

=======================================================
Loading best checkpoint for testing...
Best checkpoint: epoch=5, val_loss=0.60832

Test results:
  H= 720  MSE=0.33404  MAE=0.33251  RMSE=0.57796

Results saved to /gpfs/scratch/an4462/at6646/ne-time-v2/outputs/netime_Weather_medium_perH_CI_CI_H720_results.json
  H= 720  MSE=0.33404  MAE=0.33251

=======================================================
Final Test Results:
=======================================================
       H       MSE       MAE
  ------  --------  --------
      96   0.15016   0.18994
     192   0.19533   0.23312
     336   0.25326   0.27420
     720   0.33404   0.33251

================================================
Done: Mon Jun  1 13:42:45 EDT 2026
Outputs:
-rw-rw-r-- 1 an4462 an4462 1022K Jun  1 13:04 netime_Weather_medium_perH_CI_CI_H192_best.pth
-rw-rw-r-- 1 an4462 an4462  2.3K Jun  1 13:13 netime_Weather_medium_perH_CI_CI_H192_log.csv
-rw-rw-r-- 1 an4462 an4462   113 Jun  1 13:13 netime_Weather_medium_perH_CI_CI_H192_results.json
-rw-rw-r-- 1 an4462 an4462 1022K Jun  1 13:18 netime_Weather_medium_perH_CI_CI_H336_best.pth
-rw-rw-r-- 1 an4462 an4462  2.6K Jun  1 13:27 netime_Weather_medium_perH_CI_CI_H336_log.csv
-rw-rw-r-- 1 an4462 an4462   112 Jun  1 13:27 netime_Weather_medium_perH_CI_CI_H336_results.json
-rw-rw-r-- 1 an4462 an4462 1022K Jun  1 13:31 netime_Weather_medium_perH_CI_CI_H720_best.pth
-rw-rw-r-- 1 an4462 an4462  2.4K Jun  1 13:42 netime_Weather_medium_perH_CI_CI_H720_log.csv
-rw-rw-r-- 1 an4462 an4462   112 Jun  1 13:42 netime_Weather_medium_perH_CI_CI_H720_results.json
-rw-rw-r-- 1 an4462 an4462 1022K Jun  1 12:53 netime_Weather_medium_perH_CI_CI_H96_best.pth
-rw-rw-r-- 1 an4462 an4462  2.6K Jun  1 13:02 netime_Weather_medium_perH_CI_CI_H96_log.csv
-rw-rw-r-- 1 an4462 an4462   113 Jun  1 13:02 netime_Weather_medium_perH_CI_CI_H96_results.json
-rw-rw-r-- 1 an4462 an4462   444 Jun  1 13:42 netime_Weather_medium_perH_CI_CI_per_horizon_results.json
================================================
